links
Bue/burger-joint/600/Burger*Joint/RESTAURANT/7684/13009
Bue/harper-juice---coffee-buenos-aires/600/Harper*Juice*&*Coffee/OFERTAS_LATAM/38820/91818
Bue/giro-did-ctico---jugueter-a/600/Giro*Didáctico*-*Juguetería/REGALO/32181/61527
Bue/el-mundo-del-juguete-buenos-aires/600/El*Mundo*del*Juguete/REGALO/53587/105478
Bue/burger-king-44/600/Burger*King/OFERTAS_LATAM/45532/89203
Bue/burger-king-4/600/Burger*King/RESTAURANT/9895/16498
Bue/harper-juice-coffee/600/Harper*Juice*&*Coffee/SNACKS_LATAM/7706/13047
Bue/cerveceria-jl-buenos-aires/600/Cervecería*JL/RESTAURANT/57781/114352
Bue/donde-comer-es-un-placer/600/Hola*Jacoba/RESTAURANT/18058/32335
Bue/nueva-casa-japonesa/600/Nueva*Casa*Japonesa/RESTAURANT/27769/52241
Bue/kiku/600/Kiku/RESTAURANT/13863/23081
Bue/farmacity-buenos-aires/600/Farmacity/PHARMACY/27759/110567
Bue/mill-cafe/600/Mill*Café/SNACKS_LATAM/8395/14076
Bue/karys-burger-class/600/Kary's*Burger*Class/RESTAURANT/7696/13037
Bue/kaira-helados-buenos-aires/600/Kaira*Helados/OFERTAS_LATAM/58679/116581
Bue/kaira-helados-arg/600/Kaira*Helados/HELADO_LATAM/53990/106905
Bue/kiosco-de-empanadas-bue/600/Kiosco*de*empanadas/RESTAURANT/53314/104949
Bue/kedulce-buenos-aires/600/Kedulce/HELADO_LATAM/50284/98494
Bue/kfc-buenos-aires-1/600/KFC/OFERTAS_LATAM/48525/96441
Bue/kenitos/600/Kenitos/RESTAURANT/29990/56017
Bue/kainos-2/600/Kainos/HELADO_LATAM/29646/55218
Bue/kfc-buenos-aires/600/KFC/RESTAURANT/21651/39260
Bue/burger-king-desayunos-buenos-aires/600/Burger*King*Desayunos*/SNACKS_LATAM/45234/88759
Bue/365-bue/600/365*Kioscos*Argentinos/KIOSCOYBEBIDAS_LATAM/17148/30392
Bue/supermercado-glovo-bue-/600/Supermercado/SUPERMARKET_LATAM/52560/103438
Bue/kensen-sushi--bue-/600/Kensen*Sushi*/OFERTAS_LATAM/46432/91530
Bue/koko-baobar-glovomania/600/Koko*Baobar/OFERTAS_LATAM/35548/68247
Bue/kevin-bacon/600/Kevin*Bacon/RESTAURANT/33817/64523
Bue/kensen-sushi/600/Kensen*Sushi*/RESTAURANT/20207/36300
Bue/kanu-sushi-buenos-aires/600/Sushi*Kanú/OFERTAS_LATAM/56095/110713
Bue/kanu-sushi-bue2/600/Sushi*Kanú/RESTAURANT/38821/108548
Bue/mcdonald-s-kosher-buenos-aires/600/McDonald's*Kosher/MCD_LATAM/35472/68066
Bue/raggio-by-kaeshi-buenosaires/600/Raggio*by*Kaeshi/RESTAURANT/38514/74848
Bue/venestore/600/VeneStore/SUPERMARKET_LATAM/33522/63917
Bue/nazca-sabores-del-peru/600/Nazca*Sabores*del*Perú/RESTAURANT/25865/48716
Bue/nola-2/600/Nola/RESTAURANT/14273/23958
Bue/media-naranja-market-buenos-aires/600/Media*Naranja*Market/SUPERMARKET_LATAM/48516/95205
Bue/helados-nicolo/600/Helados*Nicolo/HELADO_LATAM/26668/50181
Bue/casero-y-natural-buenos-aires/600/Casero*y*Natural/RESTAURANT/45021/88434
Bue/tierra-de-nadie--lavilla-glovoman-a-bue/600/Tierra*de*Nadie/OFERTAS_LATAM/37842/73126
Bue/tierra-de-nadie-bue/600/Tierra*de*Nadie/RESTAURANT/20938/37875
Bue/el-emporio-helado-narutal-buenos-aires/600/El*Emporio*Helado*Natural/HELADO_LATAM/40677/79668
Bue/malvon/600/Malvón/RESTAURANT/8393/17240
Bue/naturally-buenos-aires/600/Naturally/RESTAURANT/7859/62970
Bue/naturally-buenos-aires-1/600/Naturally/OFERTAS_LATAM/51444/101262
Bue/rincon-norteno/600/Rincón*Norteño/RESTAURANT/19315/63041
Bue/taco-n-todo-buenos-aires/600/Taco*N*Todo/RESTAURANT/18795/33375
Bue/plus-market-buenos-aires/600/PLUS*Market/REGALO/48393/94998
Bue/occo-helado-genuino/600/Occo*Helado*Genuino/OFERTAS_LATAM/33790/64455
Bue/occo-helados/600/Occo*Helado*Genuino/HELADO_LATAM/13610/28738
Bue/the-pizza-only-true-love/600/The*Pizza*Only*True*Love*/RESTAURANT/21345/38650
Bue/horno-de-medio-oriente/600/El*Horno*de*Medio*Oriente/RESTAURANT/44177/86587
Bue/perez-h/600/Pérez*H/RESTAURANT/8499/19456
Bue/la-americana/600/La*Americana/RESTAURANT/7516/12787
Bue/shami-shawarma/600/Shami*Shawarma/RESTAURANT/17799/67518
Bue/al-ustura-shawarma-bue/600/Al*Ustura*Shawarma/OFERTAS_LATAM/40300/78896
Bue/tonno-pizza-buenos-aires/600/Tonno*Pizza/RESTAURANT/37446/81661
Bue/al-ustura-shawarma/600/Al*Ustura*Shawarma/RESTAURANT/31599/57298
Bue/parados-urban-food-buenos-aires/600/Parados*Urban*Food/RESTAURANT/36770/70634
Bue/la-farola/600/La*Farola*/RESTAURANT/7708/29030
Bue/goat-buenos-aires/600/Goat/RESTAURANT/57987/114912
Bue/tarabish/600/Tarabish/RESTAURANT/19521/34925
Bue/tarabish-buenos-aires/600/Tarabish/OFERTAS_LATAM/57930/114698
Bue/dolce-amaretto-buenos-aires/600/Bramasole*Home/HELADO_LATAM/40661/79663
Bue/loving-hut-buenos-aires/600/Loving*Hut/OFERTAS_LATAM/45076/88492
Bue/tequepops-buenos-aires/600/Tequepops/RESTAURANT/40899/80054
Bue/changir-/600/Changir*/RESTAURANT/30046/57889
Bue/whoopies/600/Whoopies/RESTAURANT/10486/18319
Bue/loving-hut-palermo/600/Loving*Hut*/RESTAURANT/13926/23250
Bue/bakano/600/Bakano/RESTAURANT/18847/33508
Bue/hb-gourmet-buenos-aires/600/HB*Gourmet*/RESTAURANT/16738/29618
Bue/green-eat-3/600/Green*Eat/RESTAURANT/23257/51694
Bue/green-eatadd/600/Green*Eat*/OFERTAS_LATAM/34503/84202
Bue/bar-burger-beer-buenos-aires/600/Bar*Burger*Beer/RESTAURANT/44807/87953
Bue/res-buenos-aires/600/Res/SUPERMARKET_LATAM/16542/102153
Bue/arepera-miss-venezuela/600/Arepera*Miss*Venezuela/RESTAURANT/13811/54012
Bue/futu-sushi-/600/Futu*Sushi*/OFERTAS_LATAM/34498/66250
Bue/tea-connection/600/Tea*Connection/RESTAURANT/7939/13560
Bue/el-s-ndwich-del-club-buenos-aires/600/Sándwich*del*Club/RESTAURANT/44664/87703
Bue/bierhof-buenos-aires/600/BierHof*/RESTAURANT/58633/116561
Bue/tea-connection12/600/Tea*Connection/OFERTAS_LATAM/33786/64426
Bue/oh-no--lulu-buenos-aires/600/Oh'No!*Lulu/RESTAURANT/51851/101958
Bue/oporto-buenos-aires/600/Oporto*Almacén/RESTAURANT/50718/99472
Bue/olivia-pizzas--empanadas-buenos-aires/600/Olivia*Pizzas*&*Empanadas/OFERTAS_LATAM/50456/98541
Bue/mi-barrio/600/Mi*Barrio/RESTAURANT/9867/16757
Bue/mostaza/600/Mostaza/RESTAURANT/8476/16461
Bue/olivia-empanadas-buenos-aires/600/Olivia*Pizzas*&*Empanadas/RESTAURANT/29971/62875
Bue/el-origen-del-sabor/600/El*Origen*del*Sabor/RESTAURANT/30223/60795
Bue/la-taberna-de-roberto-buenosaires/600/La*Taberna*de*Roberto/RESTAURANT/36856/73390
Bue/pippo-parana/600/Pippo*Paraná/RESTAURANT/7444/12658
Bue/garay-buenos-aires/600/Garay/RESTAURANT/40370/79064
Bue/restaurante-palacio-espa-ol-buenos-aires/600/Restaurante*Palacio*Español/RESTAURANT/54376/107589
Bue/boniato-pizza/600/Boniato*Pizza/RESTAURANT/30236/57757
Bue/el-mirasol-de-boedo/600/El*Mirasol*de*Boedo/RESTAURANT/11306/19109
Bue/los-chanchitos/600/Los*Chanchitos/RESTAURANT/8453/14158
Bue/buena-suerte/600/Buena*Suerte*/RESTAURANT/24816/47032
Bue/monti-pastas-caseras-bue-/600/Monti*Pastas*Caseras/SUPERMARKET_LATAM/59670/118080
Bue/mostaza-buenos-aires/600/Mostaza*Desayunos*/SNACKS_LATAM/52696/103775
Bue/modo-burger-buenos-aires/600/Modo*Burger/RESTAURANT/48263/94742
Bue/mr--paka-express-buenos-aires/600/Mr.*Paka*Express/RESTAURANT/45907/90470
Bue/monti---bar-de-pastas-buenos-aires/600/Monti*-*Bar*de*Pastas/OFERTAS_LATAM/43544/85409
Bue/mcdonald-s-buenos-aires/600/McCafé/SNACKS_LATAM/42928/94661
Bue/mcdonald-s-buenosaires/600/McDonald's/OFERTAS_LATAM/41123/110829
Bue/monti-bar-de-pastas-buenos-aires/600/Monti*-*Bar*de*Pastas/RESTAURANT/40511/79285
Bue/mandale-fruta-buenos-aires/600/MandaleFruta/SUPERMARKET_LATAM/38094/74089
Bue/mi-barrio-buenos-aires/600/Mi*Barrio/OFERTAS_LATAM/36519/70123
Bue/magic-dragon-bue/600/Magic*Dragon/RESTAURANT/35140/67201
Bue/morph--1/600/Morph/REGALO/33017/61546
Bue/mochica-/600/Mochica*/RESTAURANT/29926/61950
Bue/malvon-2/600/Malvón*Café/SNACKS_LATAM/16269/29711
Bue/sinior-shawarmaasdsaas/600/Sinior*Shawarma/OFERTAS_LATAM/35050/67058
Bue/el-codo/600/El*codo/RESTAURANT/26521/49906
Bue/fan-bag/600/Fanbag/REGALO/24464/46212
Bue/mcdonalds-buenosaires/600/McDonald's/MCD_LATAM/16118/61418
Bue/mezcal/600/Mezcal/RESTAURANT/13835/23046
Bue/la-milaneseria-bue-aires/600/La*Milaneseria/OFERTAS_LATAM/44573/87378
Bue/la-milaneseria-buenos-aires/600/La*Milaneseria/RESTAURANT/43545/85690
Bue/san-miguel-pizzeria/600/San*Miguel*Pizzeria/RESTAURANT/34383/66010
Bue/las-medialunas-del-abuelo/600/Las*Medialunas*del*Abuelo/SNACKS_LATAM/17958/32277
Bue/empanadas-y-medialunas-la-mejor-buenosaires/600/Empanadas*y*Medialunas*La*Mejor/RESTAURANT/57385/113534
Bue/che-taco/600/Che*Taco/RESTAURANT/7966/13432
Bue/taquitos-buenos-aires-/600/Taquitos/OFERTAS_LATAM/44572/87374
Bue/taquitos-buenos-aires/600/Taquitos/RESTAURANT/43549/85692
Bue/tacos-y-burros/600/Tacos*y*burros/RESTAURANT/29426/54654
Bue/la-fabrica-del-taco-2/600/La*Fábrica*del*Taco/RESTAURANT/18832/33482
Bue/planes-bistro/600/Planes*Bistró/RESTAURANT/9527/15626
Bue/el-s-ndwich-del-club-buenosaires/600/Sándwich*del*Club/OFERTAS_LATAM/48636/95450
Bue/la-dorita-buenos-aires/600/La*Dorita/OFERTAS_LATAM/48078/94384
Bue/exedra/600/Exedra/RESTAURANT/34008/65050
Bue/socrates/600/Sócrates/RESTAURANT/25277/47670
Bue/la-dorita-botanico/600/La*Dorita/RESTAURANT/21724/39540
Bue/bar-defensa/600/Bar*Defensa/RESTAURANT/21524/38906
Bue/la-popular-de-san-telmo/600/La*Popular*de*San*Telmo/RESTAURANT/20729/36972
Bue/la-robla-cooperativa/600/La*Robla*Cooperativa*/RESTAURANT/14316/24052
Bue/waffles-house-palermo/600/Waffle's*House/RESTAURANT/26835/50483
Bue/puppis-buenos-aires/600/Puppis/SUPERMARKET_LATAM/24110/98236
Bue/multiglovo-bue/600/Multiglovo*/RESTAURANT/52328/102962
Bue/morita-buenos-aires/600/Morita*/RESTAURANT/29857/97053
Bue/matsu-sushi/600/Matsu*Sushi*/RESTAURANT/10662/17548
Bue/restaurant-manolo/600/Restaurant*Manolo/RESTAURANT/9516/15607
Bue/taj-mahal-7/600/Taj*Mahal/RESTAURANT/7630/12940
Bue/roll-me-up-buenos--aires/600/Roll*Me*Up/OFERTAS_LATAM/49114/96179
Bue/roll-me-up-buenos-aires/600/Roll*Me*Up/RESTAURANT/41018/80302
Bue/cosi-mi-piace/600/Cosi*Mi*Piace/RESTAURANT/11014/18180
Bue/rep-blica-de-la-milanesa1/600/República*de*la*Milanesa/OFERTAS_LATAM/33787/64419
Bue/republica-de-la-milanesa/600/República*de*la*Milanesa*/RESTAURANT/22995/67971
Bue/vera-cruz-glovoman-a-buenos-aires/600/Vera*Cruz/OFERTAS_LATAM/37151/71441
Bue/vera-cruz/600/Vera*Cruz/RESTAURANT/23619/44222
Bue/taco-box-6-buenos-aires/600/Taco*Box/RESTAURANT/23606/44291
Bue/cocina-porte-a--buenos-aires/600/Cocina*Porteña*/RESTAURANT/41144/80614
Bue/pin-pun/600/Pin*Pun/RESTAURANT/9869/62935
Bue/pinta-point/600/Pinta*Point/KIOSCOYBEBIDAS_LATAM/9514/17794
Bue/piccadely/600/Piccadely/SNACKS_LATAM/8303/13839
Bue/panachef/600/Panachef/RESTAURANT/7577/62884
Bue/pollo-trak/600/Pollo*Trak/RESTAURANT/7533/43992
Bue/pizza-burger-buenos-aires/600/PizzaBurger/RESTAURANT/54896/108523
Bue/pickup-sushi-buenos-aires-/600/PickUp*Sushi/RESTAURANT/52351/102994
Bue/pomodoro-buenos-aires-/600/Pomodoro/OFERTAS_LATAM/44574/87380
Bue/pomodoro-buenos-aires/600/Pomodoro/RESTAURANT/43532/85688
Bue/puro-peru-buenos-aires/600/Puro*Perú/RESTAURANT/41185/80724
Bue/punto-pizza-buenos-aires/600/Punto*Pizza/OFERTAS_LATAM/39466/77321
Bue/biggys-bue/600/Pochoclos*Biggys/SNACKS_LATAM/39444/77257
Bue/pizzer-a-san-antonio-buenos-aires/600/Pizzería*San*Antonio/RESTAURANT/39443/77249
Bue/pollo-trak1/600/Pollo*Trak/OFERTAS_LATAM/33789/64435
Bue/pizza-lo-hot/600/Pizza*Lo*+*Hot/RESTAURANT/30030/62961
Bue/pizza-alla-pala1/600/Pizza*Alla*Pala/RESTAURANT/30022/61389
Bue/paris-burger/600/París*Burger/RESTAURANT/19324/102124
Bue/persicco/600/Persicco/HELADO_LATAM/16009/62917
Bue/punto-pizza-2/600/Punto*Pizza/RESTAURANT/15808/46079
Bue/almacen-purista/600/Almacén*Purista/RESTAURANT/7801/13103
Bue/hell-s-pizza-buenosaires/600/Hell's*pizza*/RESTAURANT/37604/99896
Bue/la-particular-de-virginio/600/La*Particular*de*Virginio/RESTAURANT/26141/49222
Bue/imperio/600/El*Imperio*de*la*Pizza/RESTAURANT/8307/13861
Bue/la-continental-buenos-aires/600/La*Continental/RESTAURANT/7671/62678
Bue/la-guitarrita-buenos-aires/600/La*Guitarrita/RESTAURANT/7667/12988
Bue/tomasso-bue/600/Tomasso/OFERTAS_LATAM/58238/115704
Bue/soy-tu-farmacia-buenos-aires/600/Soy*Tu*Farmacia/PHARMACY/46718/92087
Bue/tomasso-buenos-aires/600/Tomasso/RESTAURANT/30641/111056
Bue/il-migliore/600/Il*Toscano/RESTAURANT/25583/48071
Bue/la-carbonera/600/La*Carbonera/RESTAURANT/7458/12710
Bue/chicken-bros/600/Chicken*Bros/RESTAURANT/7457/12706
Bue/gratto-buenos-aires/600/Gratto*/RESTAURANT/44495/87273
Bue/ave-caesar/600/Ave*Caesar/RESTAURANT/35351/67770
Bue/tom-chicken/600/Tom*Chicken/RESTAURANT/27464/51981
Bue/il-gatto-tratoria-2/600/Il*Gatto*Tratoria/RESTAURANT/19650/35156
Bue/army-restaurant/600/Army*Restaurant/RESTAURANT/11312/18854
Bue/eddie/600/Eddie*Bistró*Bar/RESTAURANT/11191/18569
Bue/pizza-pronta-buenos-aires/600/Pizza*Pronta/RESTAURANT/58226/115654
Bue/pizza-gigante-buenos-aires/600/Pizza*Gigante/RESTAURANT/57265/113219
Bue/perica-grill-buenos-aires/600/Perica*Grill/RESTAURANT/55276/109167
Bue/pizzeria-el-golpe-buenos-aires/600/Pizzería*El*Golpe/RESTAURANT/51955/102157
Bue/prosciutto-ristorante/600/Prosciutto*Ristorante/RESTAURANT/28199/52770
Bue/pizza-vegana-buenos-aires/600/Pizza*Vegana/RESTAURANT/27618/84528
Bue/pernil/600/Pernil/RESTAURANT/17168/30409
Bue/cala-pizza-y-bar/600/Cala*Pizza*y*Bar/RESTAURANT/9523/15622
Bue/cincinnati-pizza-buenos-aires/600/Cincinnati*Pizza/RESTAURANT/52846/104099
Bue/trigal-pizzeria-buenos-aires/600/Trigal*Pizzería/RESTAURANT/29973/61710
Bue/fiera-parrilla-urbana/600/FIERA*Parrilla*Urbana/RESTAURANT/29629/55201
Bue/the-bronx-pizza/600/The*Bronx*Pizza/RESTAURANT/27981/52522
Bue/el-gremio-de-la-pizza-bue-1/600/El*Gremio*de*la*Pizza/OFERTAS_LATAM/58094/115399
Bue/el-gremio-de-la-pizza-bue/600/El*Gremio*de*la*Pizza/RESTAURANT/55858/110537
Bue/pizza-1893/600/1893/RESTAURANT/7974/13444
Bue/romario-buenos-aires/600/Romario/OFERTAS_LATAM/38827/75502
Bue/de-la-gran-7/600/De*la*Gran*7/RESTAURANT/33566/64071
Bue/romario/600/Romario*/RESTAURANT/19036/46719
Bue/club-social-deluxe/600/Club*Social*Deluxe/RESTAURANT/21751/39672
Bue/sipan/600/Sipan/RESTAURANT/15223/25786
Bue/salgado-alimentos/600/Salgado*Alimentos/RESTAURANT/13816/22995
Bue/carlitos-2/600/Lo*de*Carlitos/RESTAURANT/8308/13865
Bue/loving-hut-3/600/Loving*Hut*/RESTAURANT/7612/12907
Bue/love-arepa-buenos-aires/600/Love*Arepa/RESTAURANT/42733/84004
Bue/le-ble-buenos-aires/600/Le*Blé/RESTAURANT/27611/58885
Bue/luxenburger/600/Luxenburger/RESTAURANT/19054/34089
Bue/heladeria-lola-buenos-aires/600/Heladería*Lola/HELADO_LATAM/40615/79574
Bue/bari-caf-rest--buenos-aires/600/Bari*Café*&*Restó/RESTAURANT/55506/109569
Bue/eretz-cantina-israeli-buenos-aires/600/Eretz*Cantina*Israelí/RESTAURANT/53743/106302
Bue/rapiditos--buenos-aires/600/Rapiditos*Colombia/RESTAURANT/37294/71886
Bue/bistro-caribe-buenos-aires/600/Bistró*Caribe/RESTAURANT/31769/57833
Bue/tuarepa-com-buenos-aires/600/TuArepa.com/RESTAURANT/29976/61641
Bue/abdala-club-sirio-libanes/600/Abdala**Club*Sirio*/RESTAURANT/22066/40531
Bue/drink-co/600/Drinks*&*Co/KIOSCOYBEBIDAS_LATAM/19660/43202
Bue/wakai-sushi-salad/600/Wakai*Sushi*Salad/RESTAURANT/22688/41808
Bue/wakai-sushi-salad1/600/Wakai*Sushi*Salad/OFERTAS_LATAM/34097/65289
Bue/la-rosa-de-guadalupe-buenos-aires/600/La*Rosa*de*Guadalupe/HELADO_LATAM/41094/80549
Bue/la-birra-bar-buenos-aires/600/La*Birra*Bar*/RESTAURANT/18049/32329
Bue/be-lato-buenos-aires/600/Be*Lato/HELADO_LATAM/57174/113058
Bue/street-food-la-so-ada-buenos-aires/600/Street*Food*La*Soñada/RESTAURANT/53242/106485
Bue/el-autentico-club-de-la-salchicha-alemana/600/El*Auténtico*Club*de*la*Salchicha*Alemana/RESTAURANT/30193/57283
Bue/caracas-bar/600/Caracas*Bar/RESTAURANT/7629/12939
Bue/erebuni/600/Erebuni/RESTAURANT/24810/46980
Bue/burmana/600/Burmana/RESTAURANT/20858/37467
Bue/itamae-sushi/600/Itamae*Sushi/RESTAURANT/7703/22799
Bue/go-in/600/Go*in!*/RESTAURANT/8956/14861
Bue/reegia/600/Reegia*/HELADO_LATAM/9531/15630
Bue/fortunato-helados-artesanales-buenos-aires/600/Fortunato*Helados*Artesanales/HELADO_LATAM/55164/108937
Bue/heladeria-varey-buenos-aires/600/Heladeria*Varey/HELADO_LATAM/50059/98011
Bue/via-vecchia-buenos-aires/600/Via*Vecchia/HELADO_LATAM/44740/87733
Bue/whoopies-buenos-aires/600/Whoopies/HELADO_LATAM/44524/87330
Bue/tufic-buenos-aires/600/Tufic/OFERTAS_LATAM/42252/83202
Bue/daniel-helados-buenos-aires/600/Daniel*Helados*/OFERTAS_LATAM/39453/77284
Bue/antiche-tentazioni-buenos-aires/600/Antiche*Tentazioni/OFERTAS_LATAM/36499/70089
Bue/guapaletas12-buenos-aires/600/Guapaletas/HELADO_LATAM/34999/81704
Bue/clem-helados/600/Clem*Helados/HELADO_LATAM/33524/63933
Bue/vanshelato/600/Vanshelato/HELADO_LATAM/29700/55342
Bue/grido-helado-buenos-aires/600/Grido*Helado/HELADO_LATAM/29598/55121
Bue/el-fundador/600/El*Fundador/HELADO_LATAM/22039/64114
Bue/faricci-buenos-aires/600/Faricci/HELADO_LATAM/21315/55183
Bue/tufic/600/Tufic/HELADO_LATAM/18668/33229
Bue/buffala/600/Buffala/HELADO_LATAM/17800/31764
Bue/antiche-tentazioni/600/Antiche*Tentazioni/HELADO_LATAM/16552/29241
Bue/volta-buenos-aires/600/Volta*/HELADO_LATAM/16425/91668
Bue/chungo-buenos-aires/600/Chungo/HELADO_LATAM/15990/27815
Bue/daniel-helados-buenos-aires-/600/Daniel*Helados*/HELADO_LATAM/14267/42983
Bue/caba-a-tuyu/600/Cabaña*Tuyu/HELADO_LATAM/11447/116765
Bue/tandoor-2/600/Tandoor/RESTAURANT/7693/13033
Bue/santo-romero-buenos-aires/600/Santo*Romero/RESTAURANT/58419/115984
Bue/allegro-gelato-boutique-buenos-aires/600/Allegro*Gelato*Boutique/HELADO_LATAM/51112/113740
Bue/180-burger-bar/600/180*Burger*Bar/RESTAURANT/9096/15126
Bue/futu-sushi/600/Futu*Sushi/RESTAURANT/7973/13443
Bue/fuku-burritos/600/Fuku*burritos*&*temakis/OFERTAS_LATAM/34504/66240
Bue/fuku-burritos---temakis/600/Fuku*burritos*&*temakis/RESTAURANT/16476/29073
Bue/tgifridaysbue/600/TGI*Fridays/RESTAURANT/8487/14207
Bue/anette-flowers-buenos-aires/600/Anette*Flowers/REGALO/56827/111962
Bue/be-frika/600/Be*Frika*/RESTAURANT/20913/37738
Bue/street-food-soho/600/Street*Food*Soho/RESTAURANT/9170/15203
Bue/honest-food/600/Honest*Food*/RESTAURANT/24908/47108
Bue/aloha-beer-and-food-buenos-aires/600/Aloha*Beer*&*Food/OFERTAS_LATAM/53667/105953
Bue/aloha-beer-and-food/600/Aloha*Beer*&*Food/RESTAURANT/25256/47627
Bue/green-eat-buenosaires/600/Green*Eat*Coffee*Division/SNACKS_LATAM/39353/77111
Bue/green-salad-2/600/Green*Salad/OFERTAS_LATAM/27701/52086
Bue/green-salad-1/600/Green*Salad/RESTAURANT/27684/52050
Bue/donut-garage-bagels-buenos-aires/600/Donut*Garage*/SNACKS_LATAM/46620/91852
Bue/donut-garage-buenos-aires/600/Donut*Garage*&*Bagels/RESTAURANT/46399/91411
Bue/carrefour-buenos-aires/600/Carrefour/SUPERMARKET_LATAM/52536/103336
Bue/citykids-buenos-aires/600/CityKids/REGALO/53682/106057
Bue/todomoda-buenos-airess/600/Todomoda/REGALO/53670/105988
Bue/gopro-store/600/GoPro*Store*/REGALO/23711/44398
Bue/tiempo-gourmet-buenos-aires/600/Tiempo*Gourmet/RESTAURANT/52343/103274
Bue/heisenburger-buenos-aires/600/Heisenburger/RESTAURANT/8640/14454
Bue/hamburga-buenos-aires/600/Hamburga/RESTAURANT/49058/96095
Bue/happy-china-buenos-aires-/600/Happy*China/OFERTAS_LATAM/44274/86738
Bue/happy-burger-buenos-aires/600/Happy*Burger/RESTAURANT/43547/85695
Bue/happy-china-buenos-aires/600/Happy*China/RESTAURANT/41163/80703
Bue/heisenburger-glovoman-a/600/Heisenburger/OFERTAS_LATAM/33791/64456
Bue/wok-at-home-buenos-aires-/600/Wok*at*Home/OFERTAS_LATAM/44566/87372
Bue/wok-at-home-buenos-aires/600/Wok*at*Home/RESTAURANT/43687/85860
Bue/celigourmet-buenos-aires1/600/Celigourmet/OFERTAS_LATAM/52096/102437
Bue/celigourmet-buenos-aires/600/Celigourmet/RESTAURANT/39548/88354
Bue/saverio1/600/Saverio/HELADO_LATAM/30074/61430
Bue/hierbabuena/600/Hierbabuena/RESTAURANT/9097/15128
Bue/drafters/600/Drafter's/RESTAURANT/9509/15586
Bue/dellepiane-bar/600/Dellepiane*Bar/RESTAURANT/8491/14211
Bue/duca-caffe-buenos-aires/600/Duca*Caffè/RESTAURANT/45047/88451
Bue/dbox-buenos-aires/600/DBox/RESTAURANT/41150/80647
Bue/doh-donuts--bue/600/Doh*Donuts/OFERTAS_LATAM/40506/88576
Bue/doh-donuts/600/Doh*Donuts/SNACKS_LATAM/33531/88577
Bue/don-us-buenos-aires/600/Don*Us/SNACKS_LATAM/19446/100469
Bue/tienda-de-empanadas/600/Tienda*de*Empanadas/RESTAURANT/29959/56361
Bue/desarmadero-bar-buenos-aires/600/Desarmadero*Bar/RESTAURANT/48283/94803
Bue/el-desembarco/600/El*Desembarco/RESTAURANT/9510/15588
Bue/desembarco/600/El*Desembarco/OFERTAS_LATAM/33770/64465
Bue/estilo-casero-empanadas/600/Estilo*Casero*Empanadas/RESTAURANT/30235/60739
Bue/tomasso-empanadas-buenos-aires/600/Tomasso*Empanadas/RESTAURANT/57797/114392
Bue/brozziano-buenos-aires/600/Brozziano/RESTAURANT/56042/116606
Bue/solo-empanadas-buenos-aires/600/Solo*empanadas/RESTAURANT/53163/104764
Bue/thai-express-2/600/Thai*Express/RESTAURANT/21147/38269
Bue/changui-buenos-aires/600/Changüí/RESTAURANT/55034/108743
Bue/chori-buenos-aires/600/Chori/RESTAURANT/8705/14713
Bue/cherry-sushi/600/Cherry*Sushi*/RESTAURANT/19062/35518
Bue/casita-china-buenos-aires/600/Casita*China/RESTAURANT/16200/98232
Bue/clap/600/Clap/RESTAURANT/11446/19110
Bue/buller/600/Buller/RESTAURANT/29597/55117
Bue/south-beach-buenos-aires/600/South*Beach/RESTAURANT/57545/113875
Bue/temple-buenos-aires/600/Temple*Burger/OFERTAS_LATAM/43116/84683
Bue/ricky's-beer-&-burger/600/Ricky's*Beer*&*Burger/RESTAURANT/30062/61411
Bue/temple-2/600/Temple*Burger/RESTAURANT/22880/42295
Bue/saint-burger/600/Saint*Burger/RESTAURANT/18799/33383
Bue/wendy-s123/600/Wendy's/OFERTAS_LATAM/33768/64378
Bue/wendys-10/600/Wendy's/RESTAURANT/21655/39294
Bue/be-sushi-buenos-aires/600/Be*Sushi/RESTAURANT/57176/113075
Bue/boken-sushi-buenosaires/600/Boken*Sushi/RESTAURANT/30151/57718
Bue/so-bagel-buebos-aires/600/So*Bagel/RESTAURANT/22779/103701
Bue/vikko-buenos-aires/600/Vikko/RESTAURANT/54123/107152
Bcn/9-reinas/601/9*Reinas/RESTAURANT/8353/14008
Bcn/city-istanbul/601/City*Istanbul/RESTAURANT/5750/10061
Bcn/ugarit/601/Ugarit/RESTAURANT/24509/46297
Bcn/palacio-de-china/601/Palacio*de*China/RESTAURANT/4813/8718
Bcn/yoursushi-barcelona/601/Your*Sushi/RESTAURANT/49549/96975
Bcn/yo-me-sushi-barcelona/601/Yoüme*Sushi/GLOVOFERTAS/45717/89679
Bcn/arabia-cafe/601/Arabia*Café/RESTAURANT/4049/7675
Bcn/aladdin-2/601/Aladdin/RESTAURANT/4046/7671
Bcn/furawa/601/Sushi*Furawa/RESTAURANT/17021/30093
Bcn/macchina-pasta-bar-2/601/Macchina*Pasta*Bar/RESTAURANT/11281/18796
Bcn/zeeshan-kebabish-restaurant/601/Zeeshan*Kebabish*Restaurant/RESTAURANT/1949/4213
Bcn/mcdonalds-bcn2/601/McDonald's/MCDONALDS/9487/21552
Bcn/gusto-pizzeria/601/Gusto*Pizzeria/RESTAURANT/3068/6252
Bcn/al-madina-pizzeria-doner-kebab/601/Al*Madina*Pizzeria*Doner*Kebab*/RESTAURANT/27229/51304
Bcn/garden-pizza-by-rafa-panatieri-/601/Garden*Pizza*By*Rafa*Panatieri*/RESTAURANT/28700/53539
Bcn/made-in-italy-2/601/Made*in*Italy/RESTAURANT/27120/51084
Bcn/best-hamburgueseria-pizzeria/601/Best*Hamburgueseria*&*Pizzeria/RESTAURANT/27124/51088
Bcn/sushi-bar-ding-barcelona/601/Sushi*Bar*Ding/RESTAURANT/53568/105420
Bcn/youme-sushi/601/Yoüme*Sushi/RESTAURANT/7219/12235
Bcn/miku-sushi/601/Miku*Sushi/RESTAURANT/2644/5432
Bcn/pans-company-barcelona/601/Pans*&*Company/RESTAURANT/425/106955
Bcn/kenji/601/Kenji/RESTAURANT/1065/2272
Bcn/mi-sushi/601/Mi*Sushi/RESTAURANT/4107/7805
Bcn/teng-sushi/601/Teng*Sushi/RESTAURANT/2150/4617
Bcn/parking-pizza-2/601/Parking*Pizza/RESTAURANT/1419/2769
Bcn/el-sabor-pizzeria/601/El*Sabor*Pizzería/RESTAURANT/14209/23814
Bcn/ruixian-sushi/601/Ruixian*Sushi/RESTAURANT/11643/19454
Bcn/turquia-d-ner-kebab-barcelona/601/Turquía*Döner*Kebab/RESTAURANT/56584/111528
Bcn/sushi-house-barcelona/601/Sushi*House/RESTAURANT/56483/111392
Bcn/pizza-marina-barcelona/601/Pizza*Marina/RESTAURANT/56217/110983
Bcn/restaurant-india-gate-barcelona/601/India*Gate/RESTAURANT/44733/87720
Bcn/deleit-sushi/601/Deleit*Sushi/RESTAURANT/2997/19413
Bcn/pans-company2-bcn/601/Pans*&*Company/GLOVOFERTAS/53035/104497
Bcn/sushi-way/601/Sushi*Way/RESTAURANT/6444/11207
Bcn/express-2-barcelona/601/Express*2/RESTAURANT/52437/103138
Bcn/hachiko-sushi-barcelona/601/Hachiko*Sushi/RESTAURANT/46859/92359
Bcn/grupo-nomo/601/Nomomoto/RESTAURANT/3984/28691
Bcn/bona-sort-sushi/601/Bona*Sort*Sushi/RESTAURANT/1471/2835
Bcn/kiku-japones/601/Kiku*Japonés/RESTAURANT/1273/2548
Bcn/doner-kebab-el-mano/601/Doner*Kebab*El*Maño/RESTAURANT/14971/25621
Bcn/poke-show/601/Poke*Show/RESTAURANT/2241/103042
Bcn/kfc-bcn-2/601/KFC/GLOVOFERTAS/55293/109292
Bcn/tomodachi/601/Tomodachi/RESTAURANT/27041/50942
Bcn/kfc-barcelona/601/KFC/RESTAURANT/423/50895
Bcn/debutis-barcelona/601/Debutis/RESTAURANT/50720/99518
Bcn/super-glovo/601/Supermercado*Express/SuperGlovo/3214/83868
Bcn/supermercado-bcn-b/601/Supermercado/SuperGlovo/54193/107276
Bcn/watatsumi-barcelona/601/Watatsumi/RESTAURANT/38637/75093
Bcn/wok-show/601/Wok*Show/RESTAURANT/2137/103041
Bcn/parafarmacia-bcn2/601/Lo*más*pedido/PHARMACYSPAIN/49201/113202
Bcn/sichuan/601/Sichuan/RESTAURANT/3489/6800
Bcn/pizza-napolitana/601/Pizza*Napolitana/RESTAURANT/3203/6416
Bcn/tandoori-nights/601/Tandoori*Nights/RESTAURANT/13085/21646
Bcn/kimono-barcelona/601/Kimono/RESTAURANT/56192/110844
Bcn/sindur/601/Sindur/RESTAURANT/121/259
Bcn/punjab/601/Punjab/RESTAURANT/6451/11215
Bcn/restaurant-yoshisushi-barcelona/601/Yoshisushi/RESTAURANT/41015/80298
Bcn/supersushi-barcelona/601/Supersushi/RESTAURANT/52400/103069
Bcn/kynoto-sushi-bar/601/Kynoto*Sushi*Bar/RESTAURANT/5601/9835
Bcn/london-food-factory/601/London*Food*Factory/RESTAURANT/34649/66479
Bcn/ukai/601/Ukai/RESTAURANT/21661/39310
Bcn/siamo-gelati/601/Siamo*Gelati/SNACK_IBERIA/3312/6538
Bcn/idyllica/601/Idyllica/RESTAURANT/458/910
Bcn/el-dorado-chicken-barcelona/601/El*Dorado*Chicken/RESTAURANT/51113/100532
Bcn/doble-zeroo-barcelona/601/Doble*ZerOO/RESTAURANT/48952/95919
Bcn/santa-gloria-2/601/Santagloria/SNACK_IBERIA/13232/36997
Bcn/ristorante-pizzeria-il-piccolo-focone-barcelona/601/Il*Piccolo*Focone/RESTAURANT/48031/94317
Bcn/miss-sushi-illa-diagonal/601/Miss*Sushi/RESTAURANT/3373/7194
Bcn/ikibana/601/Ikibana/RESTAURANT/2576/5287
Bcn/pizzeria-capri/601/Pizzeria*Capri/RESTAURANT/5399/9612
Bcn/zero-20-barcelona/601/Zero*20/RESTAURANT/40762/79847
Bcn/210-grammi/601/216*Grammi/RESTAURANT/19877/35631
Bcn/restaurante-edo/601/Restaurante*Edo/RESTAURANT/2276/4831
Bcn/wok-verdi/601/Wok*Verdi/RESTAURANT/8904/14796
Bcn/madre-lievito/601/Madre*Lievito/RESTAURANT/15793/27482
Bcn/oassis-natural-cooking-barcelona/601/Oassis*Natural*Cooking/RESTAURANT/48428/95065
Bcn/andele/601/Andele/RESTAURANT/357/6122
Bcn/konos/601/Könos/SNACK_IBERIA/5540/9765
Bcn/chilangos-2/601/Chilango's/RESTAURANT/4047/7673
Bcn/funky-corner-barcelona/601/Funky*Corner/RESTAURANT/49522/96944
Bcn/veg-world-india/601/Veg*World*India/RESTAURANT/6044/10496
Bcn/kaitensushi-he-barcelona/601/Kaitensushi*He/RESTAURANT/47966/94206
Bcn/nam-nam/601/Ñam*Ñam/RESTAURANT/4711/8557
Bcn/biocenter/601/Biocenter/RESTAURANT/11102/18343
Bcn/cafete/601/Café&Te/SNACK_IBERIA/3719/7157
Bcn/panaria-5/601/Panaria/SNACK_IBERIA/7953/13407
Bcn/central-cafe/601/Central*Café/RESTAURANT/428/775
Bcn/bopan-2/601/Bopan/SNACK_IBERIA/16308/28636
Bcn/la-desayuneria-2/601/Pikelets*by*La*Desayunería/SNACK_IBERIA/5881/10272
Bcn/la-cocina-de-carrefour-2/601/La*Cocina*de*Carrefour/RESTAURANT/35222/67509
Bcn/la-desayuneria/601/La*Desayunería/RESTAURANT/5863/10227
Bcn/casa-miga-barcelona/601/Casa*Miga/SNACK_IBERIA/54955/108607
Bcn/panaderia-y-cafeteria-el-taller-barcelona/601/El*Taller/SNACK_IBERIA/52288/102895
Bcn/masala-73/601/Masala*73/RESTAURANT/3664/7083
Bcn/ginos-6/601/Ginos/RESTAURANT/5641/11427
Bcn/reial-istanbul-grill-barcelona/601/Reial*Istanbul*Grill/RESTAURANT/43685/85689
Bcn/mama-pizza-lovers/601/MAMA/RESTAURANT/2367/4972
Bcn/indian-bordeta/601/Indian*Bordeta/RESTAURANT/3840/7361
Bcn/gandhi/601/Gandhi/RESTAURANT/2175/4661
Bcn/la-turka-kebab-barcelona/601/La*Turka*Kebab/RESTAURANT/58294/115785
Bcn/rajah-restaurant-barcelona/601/Rajah/RESTAURANT/56688/111751
Bcn/indian-diputacio/601/Indian*Diputació/RESTAURANT/7956/13430
Bcn/pollos-rikos/601/Pollos*Rikos/RESTAURANT/3770/7280
Bcn/la-pizza-del-born/601/La*Pizza*del*Born/RESTAURANT/7306/12395
Bcn/retruco/601/Retruco/RESTAURANT/6653/11577
Bcn/santamasa-barcelona/601/Santamasa/RESTAURANT/40126/78513
Bcn/montserrat-pizzeria/601/Montserrat*Pizzería/RESTAURANT/5869/10233
Bcn/the-quick-greek/601/The*Quick*Greek/RESTAURANT/1476/91553
Bcn/only-sushi/601/Japan*Home/RESTAURANT/1204/2462
Bcn/heat---fresh-barcelona/601/Heat*&*Fresh/RESTAURANT/57992/114945
Bcn/amantis-barcelona/601/Amantis*/PARATI-BCN/602/1404
Bcn/pizza-rico/601/Pizza*Rico/RESTAURANT/7325/12447
Bcn/messie-sin-gluten/601/Messié*Sin*Gluten/RESTAURANT/24401/75696
Bcn/moritz/601/Moritz*Barcelona/SNACK_IBERIA/3754/7261
Bcn/la-bikineria-barcelona/601/La*Bikineria/RESTAURANT/57004/112859
Bcn/hamburguesa-nostra-3/601/Hamburguesa*Nostra/RESTAURANT/29242/54419
Bcn/cafe-bangkok/601/Bangkok*Café/RESTAURANT/2714/5565
Bcn/pollos-llull/601/Los*Pollos*Llull/RESTAURANT/1287/2565
Bcn/dr--beer---mr--fried-barcelona/601/Dr.*Beer*&*Mr.*Fried/RESTAURANT/41002/80277
Bcn/chickster-bcn1/601/Chickster/GLOVOFERTAS/58769/116691
Bcn/chickster-barcelona/601/Chickster/RESTAURANT/57599/113961
Bcn/tr-pico-barcelona/601/Trópico/RESTAURANT/50044/97981
Bcn/taima-barcelona/601/Taima/RESTAURANT/47595/93576
Bcn/joels-oyster-bar/601/Joël's*Oyster*Bar/RESTAURANT/1651/3244
Bcn/flors-zinnia/601/Flors*Zinnia/REGALOS-BCN/8403/14092
Bcn/tu-cachapa/601/Tu*Cachapa/RESTAURANT/5523/9725
Bcn/cal-cuc/601/Cal*Cuc*by*Mosquito/RESTAURANT/4253/7949
Bcn/yoku-ramen/601/Yoku*Ramen*/RESTAURANT/2382/4988
Bcn/wok/601/All*day*Wok/RESTAURANT/3768/7277
Bcn/out-of-china/601/Out*of*China/RESTAURANT/2655/5445
Bcn/la-cachapera/601/La*Cachapera/RESTAURANT/17017/30087
Bcn/la-caleta-de-sants-barcelona/601/La*Caleta*Latin*Food/RESTAURANT/42679/83896
Bcn/pizza-house-barcelona/601/Pizza*House/RESTAURANT/41654/81962
Bcn/bellako-barcelona/601/Bellako/RESTAURANT/57621/114012
Bcn/anauco-2/601/Anauco/RESTAURANT/3038/6186
Bcn/ostras-amelie/601/Ostras*Amélie/RESTAURANT/2136/4591
Bcn/sushiya-2/601/Sushi*Ya/RESTAURANT/10667/17553
Bcn/ryu-ramen-barcelona/601/Ryu*Ramen/RESTAURANT/41766/82324
Bcn/the-pans-club/601/The*Pan's*Club/RESTAURANT/2466/5133
Bcn/el-escondite-barcelona/601/El*Escondite/RESTAURANT/58116/115433
Bcn/pizza-hut-barcelona/601/Pizza*Hut/RESTAURANT/57080/114177
Bcn/gorsi-doner-kebab-barcelona/601/Gorsi*Doner*Kebab/RESTAURANT/54496/107769
Bcn/sushi-shop-3/601/Sushi*Shop/RESTAURANT/5288/15900
Bcn/buon-appetito/601/Acqua*&*Farina/RESTAURANT/7469/12738
Bcn/baba-kebab-barcelona/601/Baba*Kebab/RESTAURANT/39484/77354
Bcn/3-50-pizza-lowcost-barcelona/601/3'50*Pizza*Lowcost/RESTAURANT/51867/101996
Bcn/mama-ildy/601/Mamy*Ildy*/RESTAURANT/26235/49380
Bcn/enrique-tomas-barcelona/601/Enrique*Tomás/RESTAURANT/7467/12817
Bcn/fenicia/601/Fenicia*Vegetariana/RESTAURANT/6182/10764
Bcn/the-hip-fish/601/The*Hip*Fish/RESTAURANT/2177/35395
Bcn/not-only-wine-2/601/Not*Only*Wine/RESTAURANT/7084/12226
Bcn/la-republica/601/La*República/RESTAURANT/5763/10076
Bcn/sabor-2/601/SaBor/RESTAURANT/5603/9837
Bcn/tio-papelon-barcelona/601/Tío*Papelón/RESTAURANT/51043/100399
Bcn/putxinellis-2/601/Putxinel·lis/RESTAURANT/24484/46251
Bcn/ribs-barcelona/601/Ribs/RESTAURANT/2636/106959
Bcn/lara-grill-bcn/601/Lara*Grill/RESTAURANT/41314/81874
Bcn/tagliatella/601/La*Tagliatella/RESTAURANT/2700/82962
Bcn/alain-pizza/601/Alain*Pizza/RESTAURANT/17963/94723
Bcn/bella-italia/601/Bella*Italia/RESTAURANT/10120/16840
Bcn/can-pizza/601/Can*Pizza/RESTAURANT/27121/51085
Bcn/temaki-ya/601/Temaki*Ya/RESTAURANT/5570/9823
Bcn/siamoqua-barcelona/601/Siamoqua/RESTAURANT/1694/3409
Bcn/nico-pizzeria-barcelona/601/Nico*Pizzería/RESTAURANT/49317/96482
Bcn/iaia-cristina-barcelona/601/Iaia*Cristina/RESTAURANT/48839/95737
Bcn/instamaki-3/601/Instamaki/RESTAURANT/15440/26563
Bcn/messi--pizza-barcelona/601/Messié*Pizza/RESTAURANT/48073/94377
Bcn/pizza-napoli-2/601/Pizza*Napoli/RESTAURANT/4574/8433
Bcn/hawker-45-barcelona/601/Hawker*45/RESTAURANT/3701/85863
Bcn/virona-4/601/Virona*4/RESTAURANT/3323/6542
Bcn/piazze-ditalia-barcelona/601/Piazze*D'Italia/RESTAURANT/1599/3126
Bcn/napoli-centrale/601/Napoli*Centrale/RESTAURANT/3761/7268
Bcn/mosquito/601/Mosquito/RESTAURANT/995/2181
Bcn/pizzeria-la-vela/601/Pizzeria*La*Vela/RESTAURANT/17977/32257
Bcn/les-dues-sicilies/601/Les*Dues*Sicílies/RESTAURANT/15900/27554
Bcn/pizza-corner-barcelona/601/Pizza*Corner/RESTAURANT/57217/113157
Bcn/ribs-bcn2/601/Ribs/GLOVOFERTAS/54688/108065
Bcn/pizza-market/601/Pizza*Market/RESTAURANT/972/78468
Bcn/altagliobcn/601/Altagliobcn/RESTAURANT/5544/9769
Bcn/murivecchi/601/Murivecchi/RESTAURANT/4193/7900
Bcn/lechuga-pizza-barcelona/601/Lechuga*Pizza/RESTAURANT/48209/94683
Bcn/panepizza-barcelona/601/Panepizza/RESTAURANT/48129/94511
Bcn/la-fermata/601/La*Fermata/RESTAURANT/406/751
Bcn/bruc-33-tapas/601/Bruc*33*Tapas/RESTAURANT/4597/8460
Bcn/otto-sylt-barcelona/601/Otto*Sylt/RESTAURANT/669/1535
Bcn/frankfurt-de-cine/601/El*Perro*de*Cine/RESTAURANT/3766/7275
Bcn/la-neta-bcnb/601/La*Neta/GLOVOFERTAS/49057/96092
Bcn/la-neta-bcn/601/La*Neta/RESTAURANT/44344/93238
Bcn/el-clot/601/El*Clot/RESTAURANT/4051/7677
Bcn/pizzeria-virona-bordeta/601/Pizzeria*Virona*Bordeta/RESTAURANT/3762/7271
Bcn/pizza-virona-hospitalet/601/Pizza*Virona/RESTAURANT/2820/6009
Bcn/la-caravana/601/La*Caravana/RESTAURANT/1128/2351
Bcn/phuket-street-2/601/Phuket*Street/RESTAURANT/27017/50889
Bcn/not-only-wine/601/Not*Only*Wine/RESTAURANT/5786/10120
Bcn/pepa-paper/601/Pepa*Paper*/ELECTRONICA-BCN/1211/2466
Bcn/gelateria-carte-d-or/601/Gelateria*Carte*d’Or/SNACK_IBERIA/22095/40568
Bcn/la-taguara-barcelona/601/La*Taguara/RESTAURANT/2378/4984
Bcn/banna-thai/601/Banna*Thai/RESTAURANT/982/2153
Bcn/la-sirena-barcelona/601/La*Sirena/SuperGlovo/45970/91081
"Bcn/sushibox/601/Sushibox,*La*Sushitería/RESTAURANT/27046/50948"
Bcn/la-mezcla-2/601/La*Mezcla*2*-*24*horas/RESTAURANT/6074/10535
Bcn/full-pizza-23-barcelona/601/Full*Pizza*23/RESTAURANT/55648/109826
Bcn/amorino/601/Amorino*Gelato/SNACK_IBERIA/507/95303
Bcn/papa-johns-4/601/Papa*John's/RESTAURANT/6231/29882
Bcn/nba-caf-barcelona/601/NBA*Café/RESTAURANT/44736/87726
Bcn/sushi-nomi/601/Sushi*Nomi/RESTAURANT/9769/16122
Bcn/telemaki/601/Telemaki/RESTAURANT/21359/76629
Bcn/muns/601/Las*Muns/RESTAURANT/144/3316
Bcn/coco-poke/601/Coco*Poke/RESTAURANT/3380/6644
Bcn/melic-del-gotic/601/Melic*del*Gòtic/RESTAURANT/18111/32472
Bcn/burger-time-barcelona/601/Burgertime*Gourmet/RESTAURANT/43036/84578
Bcn/los-pollos-2/601/Los*Pollos*2/RESTAURANT/8727/14598
Bcn/nike/601/Nike*|*FC*Barcelona/REGALOS-BCN/9074/15095
Bcn/freshpizza-barcelona/601/Freshpizza/RESTAURANT/44171/86576
Bcn/be-you-juicery-2/601/Be*You*Juicery/SNACK_IBERIA/1312/2627
Bcn/tamaka-bowls/601/Tamaka*Bowls/GLOVOFERTAS/55269/109150
Bcn/tamaka-bowls-barcelona/601/Tamaka*Bowls/RESTAURANT/54048/106970
Bcn/restaurante-caravan-barcelona/601/Caravan/RESTAURANT/53657/105871
Bcn/papadam-indian-authentic-restaurant-barcelona/601/Papadam/RESTAURANT/51284/101207
Bcn/bicnic/601/Bicnic/RESTAURANT/6942/12033
Bcn/la-nonna-delia-barcelona/601/La*Nonna*Delia/RESTAURANT/46830/92304
Bcn/la-turuleca/601/La*Turuleca/RESTAURANT/3970/7541
Bcn/soley-boqueria/601/La*Boqueria*Soley/RESTAURANT/2775/5736
Bcn/wiped-barcelona/601/Wiped/SuperGlovo/50846/100103
Bcn/wok-to-walk-barcelona/601/Wok*to*Walk/RESTAURANT/40651/79636
Bcn/wino/601/Wino/RESTAURANT/32995/61444
Bcn/asia-amb-gracia/601/Wok*Asia*Amb*Gracia/RESTAURANT/19246/34468
Bcn/konkai-wok---sushi-barcelona/601/Konkai*Wok*&*Sushi/RESTAURANT/48955/95921
Bcn/la-wera-barcelona/601/La*Wera/RESTAURANT/42323/83323
Bcn/wok-bao/601/Wok*&*Bao/RESTAURANT/2828/5840
Bcn/vapiano-bcn/601/Vapiano/RESTAURANT/33797/64475
Bcn/viena-2/601/Viena/RESTAURANT/14207/86482
Bcn/helados-veganos-frigo-bcn1/601/Helados*Veganos*Frigo/RESTAURANT/52986/104412
Bcn/ben-jerrys-y-magnum-barcelona/601/Helados*Veganos*Frigo/SNACK_IBERIA/50761/99736
Bcn/la-vespa/601/La*Vespa/RESTAURANT/4106/7797
Bcn/la-villa/601/La*Villa*Sants*/RESTAURANT/3101/6291
Bcn/kraving-kitchens/601/Kraving*Viet/RESTAURANT/28577/53332
Bcn/coco-vail/601/Coco*Vail/RESTAURANT/1914/4134
Bcn/la-vietnamita/601/La*Vietnamita/RESTAURANT/126/7572
Bcn/pizzeria-verona-2/601/Pizzería*Restaurant*Verona/RESTAURANT/13693/22850
Bcn/il-mercante-di-venezia/601/Il*mercante*di*Venezia/RESTAURANT/5742/10050
Bcn/vesuvius/601/Vesuvius/RESTAURANT/6929/12019
Bcn/vegan-streets-bcn1/601/Vegan*Streets/GLOVOFERTAS/53797/106441
Bcn/vegan-streets-2/601/Vegan*Streets/RESTAURANT/35227/88409
Bcn/udon-bcn/601/UDON/RESTAURANT/16281/67558
Bcn/fan-dim-sum/601/Fan*Dim*Sum/RESTAURANT/28399/53009
Bcn/goiko-grill-4/601/Goiko*Grill/RESTAURANT/4110/7809
Bcn/vegan-bowl/601/Vegan*Bowls/RESTAURANT/28580/53338
Bcn/viet-kitchen/601/Viet*Kitchen*/RESTAURANT/27044/50945
Bcn/sana-vida-healthy-fast-food-barcelona/601/Sana*Vida*Healthy*Fast*Food/RESTAURANT/49226/96339
Bcn/mon-viet/601/Mon*Viet/RESTAURANT/16566/29264
Bcn/pizza-al-vol/601/Pizza*al*Vol/RESTAURANT/418/763
Bcn/on-y-va-coffee/601/On*y*va*Coffee/SNACK_IBERIA/2657/5447
Bcn/kingkong-bo-bun-barcelona/601/Kingkong*Bó*Bún/RESTAURANT/50840/99934
Bcn/ohffice/601/Ohffice/ELECTRONICA-BCN/1212/2467
Bcn/ukeflors/601/UkeFlors*/REGALOS-BCN/585/1330
Bcn/uliuli-healthy-delicious-food-barcelona/601/Uli*Uli*Healthy*&*Delicious*Food/RESTAURANT/3288/83172
Bcn/green-up/601/Green*Up/RESTAURANT/8211/13698
Bcn/camarasa-fruits-barcelona/601/Camarasa*Fruits/SuperGlovo/51104/100523
Bcn/conesa/601/Conesa/RESTAURANT/2354/4957
Bcn/el-se-or-o-de-per-barcelona/601/El*Señorío*de*Perú/RESTAURANT/49104/96168
Bcn/zozan-barcelona/601/Zozan/RESTAURANT/58445/116074
Bcn/zen-sushi-barcelona/601/Zen*Sushi/RESTAURANT/48213/94688
Bcn/juicy-avenue-2/601/Juicy*Avenue/SNACK_IBERIA/3150/34850
Bcn/the-juice-house/601/The*Juice*House/SNACK_IBERIA/181/354
Bcn/nikkei-103/601/Nikkei*103/RESTAURANT/3560/6928
Bcn/zenzoo-barcelona/601/Zenzoo/SNACK_IBERIA/52213/102677
Bcn/zimt-barcelona/601/Zimt/SNACK_IBERIA/49298/96451
Bcn/dr--zhang-barcelona/601/Dr.*Zhang/RESTAURANT/47399/93290
Bcn/el-zorrito/601/El*Zorrito/RESTAURANT/1269/2544
Bcn/central-cafe-3/601/Central*Café/SNACK_IBERIA/3610/6991
Bcn/kiwoko-2/601/Kiwoko/SuperGlovo/2836/5858
Bcn/100-montaditos-2/601/100*Montaditos/RESTAURANT/2065/4372
Bcn/peggy-sue-balmes/601/Peggy*Sue/RESTAURANT/869/1985
Bcn/el-raco/601/El*Racó/RESTAURANT/7461/12819
Bcn/timesburg-barcelona/601/Timesburg/RESTAURANT/1872/4030
Bcn/timesburg-gold-bcn/601/Timesburg*Gold/RESTAURANT/57989/114926
Bcn/lamun-cuina-thai/601/Lamun*Cuina*Thai/RESTAURANT/6049/10499
Bcn/koku-kitchen-ramen-&-gyoza-bar/601/Koku*Kitchen*Ramen*&*Gyoza*Bar/RESTAURANT/29768/55731
Bcn/ceviche-103/601/Ceviche*103/RESTAURANT/5744/10056
Bcn/tapas-197-barcelona/601/Tapas*197/RESTAURANT/55316/109304
Bcn/farggi-1957-barcelona/601/Farggi*1957/SNACK_IBERIA/48592/95343
Bcn/tramonti-1980/601/Tramonti*1980/RESTAURANT/3170/6379
Bcn/tivoli-1940/601/Tivoli*1940/RESTAURANT/16567/29265
Bcn/sabores-de-portugal-barceloan/601/Sabores*de*Portugal/RESTAURANT/40797/79892
Bcn/the-pharaoh/601/The*Pharaoh/RESTAURANT/4050/7676
Bcn/la-brasa-roja/601/La*Brasa*Roja/RESTAURANT/31694/60345
Bcn/restaurante-carballes/601/Restaurante*Meridiana/RESTAURANT/27048/50950
Bcn/koku-kitchen/601/Koku*Kitchen*Buns/RESTAURANT/26234/49379
Bcn/organika/601/Pizza*Orgánika/RESTAURANT/3025/6171
Bcn/ohbo/601/OhBo/RESTAURANT/69/83
Bcn/maka-maka/601/Makamaka/RESTAURANT/16517/29159
Bcn/onoono-poke-2/601/OnoOno*Poke/RESTAURANT/24076/45370
Bcn/la-taquilla-gourmet/601/La*Taquilla*Gourmet/RESTAURANT/10277/17159
Bcn/casa-fernandez/601/Casa*Fernández/RESTAURANT/6187/10769
Bcn/oval/601/Oval/RESTAURANT/1565/3061
Bcn/made-in-sicily/601/Made*in*Sicily/RESTAURANT/13115/45910
Bcn/mama-lina/601/Mama*Lina/RESTAURANT/1534/2960
Bcn/pizzeria-la-gavina/601/Pizzeria*La*Gavina/RESTAURANT/23679/44337
Bcn/the-fresh-poke/601/The*Fresh*Poke/RESTAURANT/5357/9588
Bcn/l-amanida-acquit-/601/Acquit*/RESTAURANT/27542/51872
Bcn/creppy/601/Creppy*/RESTAURANT/31558/57183
Bcn/l-os-panda/601/L´os*panda/RESTAURANT/27707/52092
Bcn/montesquiu/601/Montesquiu/RESTAURANT/3298/6510
Bcn/gringo-burritos/601/Gringo*Burritos/RESTAURANT/12550/20953
Bcn/hard-rock-cafe-bcn1/601/Hard*Rock*Cafe/RESTAURANT/37140/71421
Bcn/moody-monkeys-2/601/Moody*Monkey/RESTAURANT/24074/45368
Bcn/green-gurus/601/Green*Gurus/RESTAURANT/20239/36478
Bcn/street-tacos-barcelona/601/Street*Tacos*/RESTAURANT/50765/99750
Bcn/panchito-amigo/601/Panchito*Amigó/RESTAURANT/2290/4854
Bcn/tiago-la-pizza/601/Tiago*La*Pizza/RESTAURANT/1487/2858
Bcn/bow-barcelona--barcelona/601/Bow*Barcelona*/RESTAURANT/56317/111114
Bcn/surf-house-barcelona/601/Surf*House*Barcelona/RESTAURANT/322/593
Bcn/churreria-sagrada-familia/601/Xurreria*Sagrada*Família/SNACK_IBERIA/2628/5376
Bcn/dirty-office-pizza/601/Dirty*Office*Pizza/RESTAURANT/6958/12055
Bcn/abarrotes-dona-cuca/601/Abarrotes*Doña*Cuca/SNACK_IBERIA/2400/5018
Bcn/youme-poke/601/Yoüme*Poke/RESTAURANT/32785/60870
Bcn/meihua/601/MeiHua/RESTAURANT/23452/43962
Bcn/subway-barcelona/601/Subway/RESTAURANT/424/11772
Bcn/sandwich-salad/601/Sandwich*&*Salad/RESTAURANT/4882/8809
Bcn/la-piazzenza/601/La*Piazzenza/RESTAURANT/1675/3368
Bcn/poke-kitchen-barcelona/601/Poke*Kitchen/GLOVOFERTAS/45694/89586
Bcn/poke-kitchen/601/Poke*Kitchen/RESTAURANT/6227/10825
Bcn/taco-alto/601/Taco*Alto/RESTAURANT/1466/81326
Bcn/toast-amore-4/601/Toast*Amore/RESTAURANT/32692/60668
Bcn/the-juice-house-2/601/The*Juice*House/RESTAURANT/1237/2496
Bcn/quinoa-bar/601/Quinoa*Bar/RESTAURANT/12981/21372
Bcn/restaurante-inka-burg/601/Inka*Burg/RESTAURANT/3200/6413
Bcn/parking-pita/601/Parking*Pita/RESTAURANT/19866/35582
Bcn/mima-ice-cream/601/Mima*Ice*Cream/SNACK_IBERIA/2182/4683
Bcn/yatai-barcelona/601/Yatai/RESTAURANT/52325/102961
Bcn/punto-y-coma-barcelona/601/Punto*y*Coma/RESTAURANT/41986/82714
Bcn/sakura-ya/601/Sakura-Ya/RESTAURANT/226/422
Bcn/fuji-ya/601/Fuji*Ya/RESTAURANT/2246/4792
Bcn/all-you-eat-is-love/601/All*you*eat*is*love/RESTAURANT/1475/2843
Bcn/be-you-juicery-rest/601/Be*You*Juicery/RESTAURANT/1129/2355
Bcn/glovo-store/601/Glovo*Store/PARATI-BCN/35437/68174
Bcn/moncollierbcn/601/Moncollierbcn/PARATI-BCN/29107/54046
Bcn/addicted-to/601/Addicted*To/PARATI-BCN/2166/4664
Bcn/nora-real-food/601/Nora*Real*Food/RESTAURANT/34638/66465
Bcn/roots-rolls/601/Roots*&*Rolls/RESTAURANT/46046/90744
Bcn/granja-petitbo-barcelona/601/Granja*Petitbo/RESTAURANT/24486/109762
Bcn/tapa-de-china-barcelona/601/Tapa*de*China/RESTAURANT/43102/84663
Bcn/thai-cafe/601/Thai*Cafe/RESTAURANT/28693/53533
Bcn/teddys-saj-sandwiches/601/Teddy's*Saj*Sandwiches*Manucheh/RESTAURANT/1258/2532
Bcn/rio-doc/601/Rio*D.O.C./RESTAURANT/4575/8434
Bcn/lunch-and-catering-barcelona/601/Lunch*and*Catering/RESTAURANT/55286/109186
Bcn/bristol-cafe/601/Bristol*Café/RESTAURANT/6285/10948
Bcn/koi-koi/601/Koi*Koi/RESTAURANT/6516/11293
Bcn/pide-lo-que-necesites-bcn/601/Pedidos*Especiales/PHARMACYSPAIN/3416/6703
Bcn/rodilla-4/601/Rodilla/RESTAURANT/2194/4704
Bcn/california/601/California/RESTAURANT/6503/11278
Bcn/reina-margherita/601/Reina*Margherita/RESTAURANT/4553/8392
Bcn/dunkin-coffee-15/601/Dunkin*Coffee/SNACK_IBERIA/859/77190
Bcn/barcelona-beer-company/601/Barcelona*Beer*Company/RESTAURANT/3955/7516
Bcn/luzia-grupo-tragaluz/601/Luzia*-*Grupo*Tragaluz/RESTAURANT/1805/3833
Bcn/red-garter-2/601/Red*Garter/RESTAURANT/9630/15842
Bcn/reketepizza-barcelona/601/Reketepizza/RESTAURANT/54879/108476
Bcn/ristorante-margherita-barcelona/601/Ristorante*Margherita/RESTAURANT/47964/94205
Bcn/comida-hind---aut-ntica-de-india-y-nepal/601/Royal*Nepal/RESTAURANT/21208/38345
Bcn/rojo-grupo-tragaluz/601/Rojo*-*Grupo*Tragaluz*/RESTAURANT/150/309
Bcn/luigi-ristorante/601/Luigi*Ristorante/RESTAURANT/6508/11283
Bcn/la-royale-barcelona/601/La*Royale/RESTAURANT/40962/80207
Bcn/nomomoto-ramen/601/Nomomoto*Ramen/RESTAURANT/14467/24340
Bcn/platanomelon-barcelona/601/Platanomelón*/PARATI-BCN/361/107753
Bcn/rare-burgers-more/601/Rare*Burgers*&*More/RESTAURANT/8229/13723
Bcn/rangoli/601/Rangoli/RESTAURANT/6275/10939
Bcn/roman-pizza-barcelona/601/Roman*Pizza/RESTAURANT/36071/114747
Bcn/barba-rossa/601/Barba*Rossa*/RESTAURANT/7347/12474
Bcn/el-rincon-criollo-paseo-san-juan/601/El*Rincón*Criollo*Paseo*San*Juan/RESTAURANT/7077/12219
Bcn/auto-rosellon/601/Auto*Rosellon/RESTAURANT/6660/11588
Bcn/el-rincon/601/El*Rincòn/RESTAURANT/4048/7674
Bcn/llesqueria-restaurante-matagana/601/Llesquería*Restaurante*Matagana/RESTAURANT/3273/6484
Bcn/madame-ramen/601/Madame*Ramen/RESTAURANT/2755/5702
Bcn/the-rice-co/601/The*Rice*Co.*/PARATI-BCN/2289/4865
Bcn/black-remedy-2/601/Black*Remedy/SNACK_IBERIA/2101/4511
Bcn/bro-room-barcelona/601/BRO*Room/RESTAURANT/1401/95880
Bcn/el-filete-ruso/601/El*Filete*Ruso/RESTAURANT/124/261
Bcn/lindt-barcelona/601/Lindt/REGALOS-BCN/52989/104415
Bcn/sweet-messages-2/601/Sweet*Messages/REGALOS-BCN/520/1124
Bcn/national-burger/601/National*Burger/RESTAURANT/4020/7632
Bcn/nogal/601/Nogal/RESTAURANT/2152/4619
Bcn/nice-spice/601/Nice*Spice/RESTAURANT/1689/3407
Bcn/nomomoto-poke/601/Nomomoto*Poke/RESTAURANT/14466/24339
Bcn/la-cuchara-del-norte/601/La*Cuchara*del*Norte/RESTAURANT/9615/15810
Bcn/negro-grupo-tragaluz/601/Negro*-*Grupo*Tragaluz/RESTAURANT/1861/4004
Bcn/thai-noodles/601/Thai*Noodles/RESTAURANT/1522/2939
Bcn/bo-di-napoli/601/Bo*di*Napoli*/RESTAURANT/12938/21302
Bcn/la-gargola-de-notre-dame/601/La*Gárgola*de*Notre*Dame/RESTAURANT/3391/6656
Bcn/oizy-dumpling-bar-barcelona/601/Oizy*Dumpling*Bar/RESTAURANT/49299/96453
Bcn/orimaki-sushi/601/Orimaki*Sushi/RESTAURANT/16120/28168
Bcn/alo-beirut/601/Alo*Beirut/RESTAURANT/2647/5437
Bcn/l-antica-pizzeria-da-michele/601/L'Antica*Pizzeria*Da*Michele/RESTAURANT/35483/68125
Bcn/ben---jerry-s-magnum-barcelona/601/Ben*&*Jerry's*Magnum/SNACK_IBERIA/55313/109293
Bcn/metropolitan-caf-barcelona/601/Metropolitan*Café/RESTAURANT/40961/84066
Bcn/multi-glovo-2/601/Multi*Glovo/RESTAURANT/26374/49663
Bcn/orimaki-bowl-s---salad-s-/601/Orimaki*Bowls*&*Salads/RESTAURANT/52379/111824
Bcn/oh-my-donuts-/601/Oh*My*Donuts®/SNACK_IBERIA/29695/55316
Bcn/oggi-gelato/601/Oggi*Gelato/SNACK_IBERIA/2931/6000
Bcn/grecos-of-brooklyn/601/Greco's*of*Brooklyn/RESTAURANT/19244/34464
Bcn/lobrador/601/L'Obrador/SNACK_IBERIA/13849/23062
Bcn/al-karma/601/Al*Karma/RESTAURANT/2172/4659
Bcn/abbasid-mediterranean-kebab/601/Abbasid*Mediterranean*Kebab/RESTAURANT/14968/25618
Bcn/tictaste-barcelona/601/TicTaste/RESTAURANT/44639/87529
Bcn/la-marimba/601/La*Marimba/RESTAURANT/5764/10077
Bcn/bendito-pecado-barcelona/601/Bendito*Pecado/RESTAURANT/51023/100336
Bcn/cafe-tapas/601/Café*&*Tapas/RESTAURANT/2028/4335
Bcn/moss-sushi/601/Moss*Sushi*Cocktails/RESTAURANT/2968/6056
Bcn/mas-gourmets/601/Mas*Gourmets/RESTAURANT/160/323
Bcn/mas-q-menos-bcn/601/Mas*Q*Menos/RESTAURANT/23366/43656
Bcn/les-truites/601/Les*Truites/RESTAURANT/1209/2464
Bcn/komo-poke-bowl-bcn2/601/Komo*Poke*Bowl/RESTAURANT/35868/68905
Bcn/q-burger-bcn/601/Q'Burger/RESTAURANT/39812/77977
Bcn/sushibox-by-miss-sushi-bcn/601/MissSushibox/RESTAURANT/32719/69375
Bcn/quin-pollastre/601/Quin*Pollastre!*/RESTAURANT/9320/15315
Bcn/la-quesera-barcelona/601/La*Quesera/RESTAURANT/46507/91671
Bcn/tlaxcal/601/Tlaxcal/RESTAURANT/6288/10955
Bcn/the-haissala-s-barcelona/601/The*Haissala’s/RESTAURANT/48696/95521
Bcn/tgb-barcelona/601/TGB/RESTAURANT/422/801
Bcn/texmexco/601/TexMex*&*Co/RESTAURANT/2122/4578
Bcn/tuk-tuk-6/601/Tuk*Tuk*Asian*Street*Food/RESTAURANT/12989/21382
Bcn/la-taquer-a-bcn/601/La*Taquería/GLOVOFERTAS/52412/103231
Bcn/la-torteria-mexicana/601/La*Tortería*Mexicana/RESTAURANT/1735/3523
Bcn/cremontano-barcelona/601/Cremontano*di*La*Tagliatella/SNACK_IBERIA/55150/113559
Bcn/estambul-kebab-barcelona/601/Estambul*Kebab/RESTAURANT/54505/107766
Bcn/boko/601/Boko/RESTAURANT/1916/4135
Bcn/santa-burg/601/Santa*Burg/RESTAURANT/223/17603
Bcn/the-boj/601/The*Boj*/REGALOS-BCN/798/1885
Bcn/thai-thai/601/Thai*Thai*/RESTAURANT/794/1873
Bcn/tequila-cantina-mexicana-barcelona/601/Tequila*Cantina*Mexicana/RESTAURANT/43693/85703
Bcn/taco-love/601/Taco*Love/RESTAURANT/3758/7265
Bcn/teke-fingers/601/Tekefingers/SNACK_IBERIA/32688/60681
Bcn/tiki-poke/601/Tiki*Poke/RESTAURANT/2813/5802
Bcn/titinos/601/Titino's/RESTAURANT/2219/4765
Bcn/tomillo/601/Tomillo/RESTAURANT/2132/4586
Bcn/the-bagel-hood/601/The*Bagel*Hood/RESTAURANT/2031/4329
Bcn/the-dog-is-hot/601/The*Dog*is*Hot/RESTAURANT/166/337
Bcn/tantarantana-bcn/601/Tantarantana/RESTAURANT/1339/2658
Bcn/candy-company/601/The*Candy*Company/REGALOS-BCN/1210/2465
Bcn/el-tarantin-barcelona/601/El*Tarantín*/RESTAURANT/53499/105299
Bcn/lam-thai-design/601/Läm*Thai*street*food/RESTAURANT/2694/5503
Bcn/la-taqueria/601/La*Taquería/RESTAURANT/1614/3144
Bcn/san-tomassino/601/San*Tomassino/RESTAURANT/11284/18806
Bcn/leche-de-tigre-barcelona/601/Leche*de*Tigre/RESTAURANT/58115/115432
Bcn/dol--i-ta-no--barcelona/601/Dolç*I*Taíno*/SNACK_IBERIA/54112/107129
Bcn/caf--san-telmo-barcelona/601/Café*San*Telmo/RESTAURANT/40983/80250
Bcn/catering-cafe-tapas/601/Catering*Café*&*Tapas*/RESTAURANT/3916/7487
Bcn/el-japones-grupo-tragaluz/601/El*Japonés*-*Grupo*Tragaluz/RESTAURANT/1857/3996
Bcn/le-petit-bangkok/601/Le*Petit*Bangkok/RESTAURANT/68/2845
Bcn/padan-barcelona/601/Pandan/RESTAURANT/43962/86115
Bcn/panchito/601/Panchito*Glòries/RESTAURANT/315/548
Bcn/paralello-gelato-3/601/Parallelo*Gelato/SNACK_IBERIA/2976/6061
Bcn/pugliamia/601/PugliaMia*/RESTAURANT/27227/51300
Bcn/pim-pam-burger/601/Pim*Pam*Burger*/RESTAURANT/1626/3173
Bcn/indian-palace/601/Indian*Palace/RESTAURANT/953/49582
Bcn/hula-poke/601/Hula*Poke/RESTAURANT/9338/15336
Bcn/costa-pacifico/601/Costa*Pacífico/RESTAURANT/6287/10953
Bcn/ina-piadinas-barcelona/601/Ina*Piadinas/RESTAURANT/55664/109853
Bcn/hanai-poke-barcelona/601/Hanai*Poke/RESTAURANT/52304/102930
Bcn/konkai-poke-barcelona/601/Konkai*Poke/RESTAURANT/51865/101987
Bcn/super-pizza/601/Super*Pizza/RESTAURANT/1326/2646
Bcn/pasteleria-escriba/601/Pasteleria*Escribà/SNACK_IBERIA/6925/12012
Bcn/pizzeria-sants-barcelona/601/Pizzería*Sants/RESTAURANT/53975/106870
Bcn/poke-market/601/Poke*Market/RESTAURANT/4884/8812
Bcn/panino-silvestre-barcelona/601/Panino*Silvestre/RESTAURANT/453/113145
Bcn/peter-s-brand-bcn1/601/Peter's*Brand/PARATI-BCN/38284/74386
Bcn/peccata-pizza/601/Peccata*Pizza/RESTAURANT/29479/54815
Bcn/productos-artesanos-de-la-mancha/601/Productos*Artesanos*de*la*Mancha/SNACK_IBERIA/24791/46922
Bcn/palosanto/601/Palosanto/RESTAURANT/1337/2655
Bcn/papabubble-2/601/Papabubble/SNACK_IBERIA/1262/2537
Bcn/pattys-lunch-menu/601/Patty’s*Lunch*Menu/RESTAURANT/1125/2345
Bcn/a33-pizzeria-barcelona/601/A33*Pizzería/RESTAURANT/52776/103930
Bcn/che-pasta-barcelona/601/Che*Pasta/RESTAURANT/44032/86221
Bcn/happy-pills/601/Happy*Pills/REGALOS-BCN/388/716
Bcn/la-piadina-del-sol/601/La*Piadina*del*Sol/RESTAURANT/3367/6630
Bcn/senor-pina/601/Señor*Piña*/RESTAURANT/24311/45857
Bcn/solo-pizza/601/Solo*Pizza/RESTAURANT/2291/4855
Bcn/san-pedrito/601/San*Pedrito/RESTAURANT/14075/23515
Bcn/el-perro/601/El*Perro/RESTAURANT/11269/18769
Bcn/fit-kitchen/601/Fit*Kitchen/RESTAURANT/4587/11648
Bcn/sapor-ditalia/601/Sapor*d'Italia/RESTAURANT/950/46107
Bcn/sports-bar-italian-food/601/Sports*Bar*Italian*Food/RESTAURANT/5550/50872
Bcn/sher-e-punjab-barcelona/601/Sher*E*Punjab/RESTAURANT/3296/6508
Bcn/jungle-salads-barcelona/601/Jungle*Salads/RESTAURANT/50717/109842
Bcn/restaurante-anduri-a-barcelona/601/Anduriña/RESTAURANT/56567/111502
Bcn/big-als/601/Big*Al's/RESTAURANT/867/1981
Bcn/fish-chips/601/Fish*&*Chips/RESTAURANT/6519/36803
Bcn/miu-japones/601/Miu*Japonés/RESTAURANT/209/390
Bcn/saladstop/601/SaladStop!/RESTAURANT/6064/10523
Bcn/sil-s-cakes-american-pastry-barcelona/601/Sil's*Cakes*American*Pastry/SNACK_IBERIA/58241/115696
Bcn/secrets-by-farga-barcelona/601/Secrets*by*Farga/SNACK_IBERIA/48614/95396
Bcn/senor-burrito/601/Señor*Burrito/RESTAURANT/1484/2853
Bcn/super-coffee-and-food/601/Súper*Coffee*&*Food/RESTAURANT/14283/23971
Bcn/la-santa-del-born/601/La*Santa*del*Born/RESTAURANT/7321/12442
Bcn/en-la-gloria-salad-house-barcelona/601/Enlagloria*Salad*House/RESTAURANT/40856/79978
Bcn/la-sedici/601/La*Sedici/RESTAURANT/2773/5732
Bcn/la-sangucheria/601/La*Sanguchería/RESTAURANT/2646/5436
Bcn/acero-street-flavors/601/Acero*Street*Flavors/RESTAURANT/2395/5007
Bcn/kao-street/601/Kao*Street/RESTAURANT/23675/44333
Bcn/green-spot/601/Green*Spot/RESTAURANT/16860/29969
Bcn/cacao-sampaka/601/Cacao*Sampaka/SuperGlovo/10095/16812
Bcn/flors-sabadell/601/Flors*La*Sabadell/REGALOS-BCN/3292/6504
Bcn/el-menjar-sa-de-cada-dia/601/El*Menjar*Sa*de*Cada*Día/RESTAURANT/3014/6160
Bcn/cereal-hunters-cafe-2/601/Cereal*Hunters*Café/SNACK_IBERIA/8406/14104
Bcn/margarita-blue/601/Margarita*Blue/RESTAURANT/7575/12888
Bcn/kiss-my-pizza-barcelona/601/Kiss*My*Pizza/RESTAURANT/49952/97776
Bcn/kraving-med/601/Kraving*Med/RESTAURANT/33186/62010
Bcn/cantina-machito/601/Cantina*Machito/RESTAURANT/12991/21387
Bcn/mayura/601/Mayura/RESTAURANT/657/1521
Bcn/musiu/601/Musiú/RESTAURANT/6067/10526
Bcn/machete/601/Machete/RESTAURANT/6055/10509
Bcn/marinella-barcelona/601/Marinella/RESTAURANT/56467/111364
Bcn/matcha---co/601/Matcha*&*Co/REGALOS-BCN/30598/55753
Bcn/matilda/601/Matilda*&*Cook/RESTAURANT/24841/46951
Bcn/maharaja/601/Maharaja/RESTAURANT/19013/33978
Bcn/frank-munich/601/Frank*Munich/RESTAURANT/9381/15384
Bcn/el-mexicano-de-barcelona-barcelona/601/El*Mexicano*de*Barcelona/RESTAURANT/48540/95257
Bcn/casa-marza/601/Casa*Marzá/RESTAURANT/2207/4726
Bcn/arch-max/601/ARCh*MAX*/PARATI-BCN/1718/3488
Bcn/hijo-de-mendez-barcelona/601/Hijo*de*Mendez/RESTAURANT/44887/88083
Bcn/betlem/601/Betlem/RESTAURANT/6941/12032
Bcn/chilam-balam-bcn/601/Chilam*Balam/RESTAURANT/49307/96466
Bcn/koby-barcelona/601/Koby/RESTAURANT/52306/102932
Bcn/kibuka/601/Kibuka/RESTAURANT/4192/7899
Bcn/kurz-gut/601/Kurz*&*Gut/RESTAURANT/16580/46700
Bcn/kenko/601/Kenko/RESTAURANT/7546/12847
Bcn/krudite-barcelona/601/Krudité/RESTAURANT/44372/86920
Bcn/kongoh/601/Kongoh*/REGALOS-BCN/2085/4421
Bcn/kokka/601/Kokka/RESTAURANT/1336/2654
Bcn/green-kiss/601/Green*Kiss/SNACK_IBERIA/3688/7118
Bcn/el-coco-health-bar/601/El*Coco*Kitchen/RESTAURANT/22017/40386
Bcn/lomo-alto-and-lomo-bajo-barcelona/601/LomoAlto*&*LomoBajo/RESTAURANT/49737/97316
Bcn/little-india-barcelona/601/Little*India/RESTAURANT/49414/96678
Bcn/la-burguesa/601/La*Burguesa/RESTAURANT/3739/7214
Bcn/luxburg/601/Lux&Burg/RESTAURANT/27037/50937
Bcn/la-bona-pizza-3/601/La*Bona*Pizza*/RESTAURANT/26581/49996
Bcn/la-caleta-burguer/601/La*Caleta/RESTAURANT/16572/29276
Bcn/fratelli-la-bufala-barcelona/601/Fratelli*la*Búfala/RESTAURANT/50042/97978
Bcn/la-forchetta-bcn-/601/La*Forchetta/RESTAURANT/44036/86230
Bcn/lukumas/601/Lukumás/SNACK_IBERIA/366/688
Bcn/la-freiduriadepauli-de-pauli/601/La*Freiduria*de*Pauli/RESTAURANT/3348/6602
Bcn/lliso-lis/601/Lliso*lis/SNACK_IBERIA/3179/6388
Bcn/little-italy-2/601/Little*Italy*/RESTAURANT/25937/48868
Bcn/la-fabrica/601/La*Fábrica/RESTAURANT/1728/3520
Bcn/la-brochette/601/La*Brochette/RESTAURANT/1395/2744
Bcn/casa-lola/601/Casa*Lola/RESTAURANT/17976/32255
Bcn/fromagerie-can-luc/601/Fromagerie*Can*Luc/SuperGlovo/632/1467
Bcn/el-bou-lomoteca/601/El*Bou*Lomoteca/RESTAURANT/3023/6169
Bcn/el-bombon/601/El*Bombón/RESTAURANT/5765/10078
Bcn/jaime-beriestain-barcelona/601/Jaime*Beriestain/RESTAURANT/57429/113657
Bcn/bocca-di-bonifacio/601/Bocca*di*Bonifacio/RESTAURANT/3019/6165
Bcn/fosters-hollywood-3/601/Foster's*Hollywood/RESTAURANT/8404/14100
Bcn/frankie-gallo-cha-cha-cha/601/Frankie*Gallo*Cha*Cha*Cha/RESTAURANT/5517/9718
Bcn/frankfurt/601/Frankfurt*Balmes/RESTAURANT/2986/6071
Bcn/fishgreens/601/Fish&Greens/RESTAURANT/18805/33388
Bcn/foc/601/Foc/RESTAURANT/18531/32791
Bcn/frankfurt-braulio/601/Frankfurt*Braulio/RESTAURANT/14485/24395
Bcn/gandhi-executive-food-barcelona/601/Gandhi*Executive*Food/RESTAURANT/54394/107607
Bcn/floristeria-barcelona-emi/601/Floristería*Barcelona*EMI/REGALOS-BCN/8302/13827
Bcn/forn-de-pa-barcelona/601/Forn*de*Pa/SNACK_IBERIA/55439/109482
Bcn/farggi-caff--bcn1/601/Farggi*Caffè/SNACK_IBERIA/52506/103349
Bcn/fan-curry-hacci/601/Fan*Curry*Hacci/RESTAURANT/33181/61970
Bcn/il-fuoco-pizzeria-barcelona/601/Il*Fuoco*Pizzería/RESTAURANT/55302/109246
Bcn/bonbee/601/BonBee/REGALOS-BCN/19722/35371
Bcn/the-colvin-co/601/Colvin/REGALOS-BCN/8357/23677
Bcn/juicy-avenue-4/601/Juicy*Avenue/RESTAURANT/6771/34845
Bcn/baby-jalebi-barcelona/601/Baby*Jalebi/RESTAURANT/46212/91077
Bcn/gyoza-bar/601/Gyoza*Bar/RESTAURANT/4108/7806
Bcn/belgious-barcelona/601/Belgious*Barcelona/SNACK_IBERIA/2802/5785
Bcn/h-agen-dazs-barcelona/601/Häagen*Dazs/SNACK_IBERIA/52342/102983
Bcn/hummus-barcelona/601/Hummus*Barcelona/RESTAURANT/9327/15323
Bcn/honestfood-barcelona-/601/Honestfood/RESTAURANT/40183/79828
Bcn/heladeria-dinos/601/Heladeria*Dinos/SNACK_IBERIA/3769/7278
Bcn/buenaventura-cafe/601/Buenaventura*Café/RESTAURANT/3905/7436
Bcn/brunch-cake/601/Brunch*&*Cake/RESTAURANT/28581/59576
Bcn/breathe-green/601/Breathe*Green/RESTAURANT/21362/38695
Bcn/bembi/601/Bembi/RESTAURANT/6276/10941
Bcn/escriba/601/Escribà/SNACK_IBERIA/6926/12014
Bcn/el-canalla/601/El*Canalla/RESTAURANT/1341/2660
Bcn/cachaca/601/Cachaca/RESTAURANT/11740/19630
Bcn/dionisos/601/Dionisos/RESTAURANT/7353/12481
Bcn/instabowls-3/601/Instabowls/RESTAURANT/17795/31758
Bcn/gilda-by-belgious/601/Gilda*by*Belgious/RESTAURANT/2803/5786
Bcn/instatacos-3/601/Instatacos/RESTAURANT/17678/31457
Bcn/inta-bcn/601/ÏNTA/RESTAURANT/14007/23418
Bcn/chez-coco/601/Chez*Coco*/RESTAURANT/27721/52107
Bcn/curry-barcelona-restaurant-indian-food/601/Curry*Barcelona/RESTAURANT/17682/31509
Bcn/bacoa/601/Bacoa/RESTAURANT/744/4901
Bcn/la-adelita-botanero/601/La*Adelita*Botanero/RESTAURANT/7642/12957
Bcn/bendito-tako-barcelona/601/Bendito*Tako/RESTAURANT/38333/74463
Bcn/killer-burrito/601/Killer*Burrito/RESTAURANT/5661/9936
Bcn/killer-burrito-barcelona/601/Killer*Burrito/GLOVOFERTAS/45692/89581
Bcn/dori-dori-barcelona/601/Dori*Dori/SNACK_IBERIA/38707/85347
Bcn/demasie/601/Demasié/SNACK_IBERIA/21543/38978
Bcn/crusto-2/601/Crustó/SNACK_IBERIA/9642/15858
Bcn/chok/601/Chök/SNACK_IBERIA/371/696
Bcn/bao-bar/601/Bao*Bar/RESTAURANT/1572/3097
Par/mc-donalds-par/602/McDonald's/RESTAURANT/459/911
Par/croq-pizza/602/Croq*Pizza/RESTAURANT/9667/15916
Par/drinks-co/602/Espace*bar/Apéro/18825/34919
Par/paris-saint-biere/602/Paris*Saint*Bière/Apéro/19028/34024
Par/pharmacie-/602/Pharmacie*/PHARMACY/6128/11320
Par/pizza-mario/602/Pizza*Mario/RESTAURANT/2743/5672
Par/noura/602/Noura*/RESTAURANT/1523/5245
Par/laduree/602/Ladurée/CADEAU/1638/3210
Par/baobao-tea/602/Baobao*Tea/RESTAURANT/8910/14803
Par/pho-156/602/Pho*156/RESTAURANT/23846/44695
Par/fnac-4/602/Fnac/DERNIEREMINUTE/1640/3296
Par/d-noodles/602/D*Noodles/RESTAURANT/15304/25946
Par/franprix/602/Franprix/GROCERIES/1502/92882
Par/la-paleteria/602/La*Paleteria/PetitsPlaisirs/14030/23421
Par/bon-primeur/602/Bon*Primeur/GROCERIES/2677/5482
Par/okito-le-pelletier/602/Okito*Le*Pelletier/RESTAURANT/11777/19706
Par/chez-qian/602/Chez*Qian/RESTAURANT/8917/14812
Par/primeurs-monge/602/Primeurs*Monge/GROCERIES/7596/12895
Par/o-lieu-de/602/Ô*lieu*de*/GROCERIES/28520/53432
Par/clicfrais-par/602/Clicfrais/GROCERIES/46923/92578
Par/odette/602/Odette*Paris/PetitsPlaisirs/4285/8027
Par/popelini/602/Popelini/PetitsPlaisirs/1769/3715
Par/carrefour-/602/Carrefour/GROCERIES/53844/111318
Par/sushi-b-/602/Sushi*Bâ/RESTAURANT/3482/6805
Par/aoyama/602/Aoyama/RESTAURANT/21204/38335
Par/owoks/602/O'woks*/RESTAURANT/4061/53590
Par/abytonphone/602/Accessoires*pour*Smartphones/DERNIEREMINUTE/2641/5430
Par/berthillon-glacier/602/Berthillon*Glacier/PetitsPlaisirs/9324/15318
Par/high-vaping/602/High*Vaping/DERNIEREMINUTE/19236/34442
Par/21g-dumpling/602/21g*Dumpling/RESTAURANT/26412/49865
Par/bathroom-grafitty-/602/Bathroom*Graffiti/CADEAU/46707/108630
Par/lemon-iceland/602/Lemon*Iceland*/RESTAURANT/1001/2187
Par/little-extra/602/Little*Extra/CADEAU/32100/59023
Par/jadis-gourmande/602/Jadis*&*Gourmande*/CADEAU/3547/7032
Par/sushi-shop-7/602/Sushi*Shop/RESTAURANT/32197/63554
Par/la-tarte-tropezienne/602/La*Tarte*Tropézienne*/PetitsPlaisirs/4181/7936
Par/thaiviet/602/Thai*Viet/RESTAURANT/11012/18176
Par/poilane-/602/Poilâne/BREAKFAST/4075/7693
Par/marie-poirier/602/Marie*Poirier/DERNIEREMINUTE/28596/53443
Par/brioche-dorée-/602/Brioche*dorée*/BREAKFAST/8061/18420
Par/ldp/602/...le*drugstore*parisien/CADEAU/17666/34467
Par/moshimo/602/Moshimo/RESTAURANT/9578/15745
Par/norito/602/Burrito*Shop*/RESTAURANT/3497/6815
Par/mocca-store-paris/602/Mocca*Store*/DERNIEREMINUTE/731/1713
Bcn/churreria-crisla/601/Churrería*Crisla/SNACK_IBERIA/412/756
Bcn/cukor/601/Çukor/SNACK_IBERIA/1749/3666
Par/hoki-sushi/602/Hoki*Sushi/RESTAURANT/12943/21314
Par/cuba-compagnie-cafe-2/602/Cuba*Compagnie*Café/RESTAURANT/4015/7619
Par/sushi-yuki/602/Sushi*Yuki*/RESTAURANT/26781/50401
Par/maison-chaudun/602/Maison*Chaudun/CADEAU/4656/8496
Par/scoop-me-a-cookie/602/Scoop*Me*a*Cookie/PetitsPlaisirs/4133/18389
Par/la-taverne-du-nil/602/La*taverne*du*Nil/RESTAURANT/11711/19591
Par/wakoya/602/Wakoya/RESTAURANT/10152/16891
Par/ile-sushi/602/Ile*Sushi/RESTAURANT/9445/15440
Par/french-in/602/French*in/RESTAURANT/7569/13242
Par/yaki-ramen/602/Yaki*Ramen*Bastille/RESTAURANT/1214/2471
Par/nespresso-6/602/Nespresso*/GROCERIES/1566/3063
Par/pizza-hut-n/602/Pizza*Hut/RESTAURANT/6650/11982
Par/le-pacifique/602/Le*Pacifique/RESTAURANT/7290/12362
Par/nicks-pizza-2/602/Nick's*Pizza/RESTAURANT/840/1953
Par/pizza-santantonio/602/Pizza*Sant'Antonio/RESTAURANT/6883/11956
Par/libshop-/602/Restaurant*libanais*-*Libshop/RESTAURANT/37681/72682
Par/so-five/602/So*Five/RESTAURANT/10704/17588
Par/al-boustan/602/Al*Boustan/RESTAURANT/7722/13066
Par/les-choupettes-de-chouchou/602/Les*Choupettes*de*Chouchou*/PetitsPlaisirs/2906/5969
Par/bagel-corner/602/Bagel*Corner/RESTAURANT/2149/6873
Par/au-comptoir-de-nouilles/602/Au*Comptoir*de*Nouilles/RESTAURANT/7289/12377
Par/glace-bachir/602/Glace*Bachir/PetitsPlaisirs/16975/30004
Par/wok-to-u-/602/Wok*to*U/RESTAURANT/48122/94505
Par/matsuri-3/602/Matsuri*/RESTAURANT/3923/70424
Par/le-mansouria/602/Le*Mansouria/RESTAURANT/9738/16010
Par/savannah-coffee/602/Savannah*Coffee/RESTAURANT/20223/36441
Par/tin-tin/602/Tin*Tin/RESTAURANT/16507/29123
Par/five-pizza-original/602/Five*Pizza*Original/RESTAURANT/9576/15914
Par/maison-ehr/602/Maison*EHR/CADEAU/6649/11586
Par/azteca/602/Azteca*/RESTAURANT/3343/6599
Par/rania/602/Rania*/RESTAURANT/10133/16859
Par/big-falafel-2/602/Big*falafel*BN/RESTAURANT/11707/19577
Par/charlies-pizza/602/Charly's*pizza/RESTAURANT/23433/43896
Par/it-rocks-burgers/602/It*Rocks*Burgers/RESTAURANT/1525/2940
Par/creperie-crepolog/602/Crêperie*CREPOLOG/RESTAURANT/37620/72569
Par/la-rosarina/602/La*Rosarina/RESTAURANT/464/912
Par/pierre-herme/602/Pierre*Hermé/CADEAU/1633/3228
Par/chez-bebert/602/Chez*Bébert/RESTAURANT/5380/9732
Par/baobunburger-/602/Bao*Bun*Burger*/RESTAURANT/3458/6811
Par/shamyat/602/Shamyat/RESTAURANT/14031/23422
Par/5pizz-/602/5PIZZ*/RESTAURANT/31698/58297
Par/maoz/602/Maoz/RESTAURANT/7554/12865
Par/elyfleur/602/ElyFleur/CADEAU/2368/4970
Par/taj-mahal-10/602/Taj*Mahal/RESTAURANT/13114/21724
Par/le-buci/602/Le*Buci/RESTAURANT/35982/69093
Par/india-gate-2/602/India*Gate*/RESTAURANT/13378/22338
Par/5-pailles/602/5*Pailles/RESTAURANT/14986/25633
Par/aris-bagels/602/Ari's*Bagels/RESTAURANT/3630/7047
Par/jean-paul-hevin/602/Jean-Paul*Hévin*/CADEAU/3104/6301
Par/chez-nouilles/602/Chez*Nouilles/RESTAURANT/8365/14027
Par/chez-gladines/602/Chez*Gladines/RESTAURANT/24323/46088
Par/poka-/602/Pokaï/RESTAURANT/32201/63563
Par/at-homs/602/At*Homs'/RESTAURANT/7280/12351
Par/ph--/602/Phô*14/RESTAURANT/4203/7953
Par/loumis/602/Loumi's*/RESTAURANT/3853/7379
Par/khao-thai/602/Khao*Thaï/RESTAURANT/3173/6382
Par/presto-fresco/602/Presto*Fresco/RESTAURANT/3061/6213
Par/no-smoking/602/No*Smoking*/DERNIEREMINUTE/2590/49629
Par/trois-fois-plus-de-piment/602/Trois*Fois*Plus*de*Piment/RESTAURANT/733/74291
Par/hwarang/602/Hwarang/RESTAURANT/25550/48045
Par/le-petit-champenois/602/Le*Petit*Champenois/Apéro/12391/46299
Par/breakfast-in-america/602/Breakfast*in*America*/BREAKFAST/897/2026
Par/volver/602/Volver/RESTAURANT/9369/15366
Par/le-petit-phenicien/602/Le*Petit*Phenicien/RESTAURANT/8566/14304
Par/chez-hanna/602/Chez*Hanna/RESTAURANT/8280/13805
Par/alice-pizza/602/Alice*Pizza/RESTAURANT/1151/2383
Par/capri-saint-honore/602/Capri*Saint-Honoré/RESTAURANT/7419/12597
Par/bianco/602/Bianco/RESTAURANT/7417/12596
Par/caffe-creole/602/Caffé*Créole*/RESTAURANT/4014/7616
Par/pizza-rustica/602/Pizza*Rustica*/RESTAURANT/3378/6649
Par/cinq-fois-plus-de-piment/602/Cinq*Fois*Plus*De*Piment/RESTAURANT/10732/17674
Par/riz-riz/602/Riz*Riz/RESTAURANT/10695/17578
Par/como-kitchen/602/Como*kitchen/RESTAURANT/37793/72961
Par/shaka-poke/602/Shaka*Poke/RESTAURANT/13501/22654
Par/furahaa-break/602/Furahaa*Break/RESTAURANT/8376/14044
Par/japorama/602/Japorama/RESTAURANT/12554/20918
Par/smartbox/602/Smartbox/CADEAU/9139/15181
Par/sucrepice/602/Sucrepice*/RESTAURANT/3010/6152
Par/chez-ann/602/Chez*Ann/RESTAURANT/3917/7489
Par/bubble-t-paris/602/Bubble*T.*Paris/PetitsPlaisirs/514/1118
Par/le-louchebem/602/Le*Louchebem/RESTAURANT/24383/46133
Par/la-delicieuse/602/La*Délicieuse*/PetitsPlaisirs/22767/51869
Par/french-american-bakery-2/602/French*American*Bakery/RESTAURANT/4864/9225
Par/la-mamma/602/La*Mamma*/RESTAURANT/3414/6714
Par/elgi/602/Elgi/RESTAURANT/3052/6885
Par/bubble-tea-bunny-zen/602/Bubble*Tea*Bunny*Zen/PetitsPlaisirs/488/1024
Par/rotisserie-dufrenoy-2/602/Rôtisserie*Dufrenoy/GROCERIES/4338/8269
Par/bottles-/602/Bottles*/Apéro/20739/37016
Par/petit-sa-gon/602/Le*Petit*Saïgon/RESTAURANT/4279/7996
Par/friends-in/602/Friends*Burgers/RESTAURANT/13858/32260
Par/yummy-guiltfree/602/Yummy*&*Guiltfree/RESTAURANT/8447/14141
Par/marcel/602/Marcel*/RESTAURANT/3797/7329
Par/ll-seguito/602/ll*Seguito/RESTAURANT/4016/7621
Par/taipei-gourmet/602/Taipei*Gourmet/RESTAURANT/10991/18163
Par/hbk-levallois/602/HBK*House*Burger/RESTAURANT/7423/25630
Par/ensuite/602/Ensuite*/RESTAURANT/4059/7704
Par/touimer-bio-par/602/Touimer*Bio/GROCERIES/42712/83979
Par/amala/602/Amala/RESTAURANT/25651/48234
Par/amala-2/602/Amala/GROCERIES/25815/49616
Par/yoki-sushi/602/Yoki*Sushi/RESTAURANT/17195/30470
Par/ddz/602/Dou*Di*Zhu/RESTAURANT/7545/12850
Par/claque-fromage/602/Le*Claque-Fromage*/GROCERIES/5163/9576
Par/epicerie-clones/602/Epicerie*Générale*/GROCERIES/13408/78604
Par/grom-3/602/Grom/PetitsPlaisirs/4243/13604
Par/pizza-julia/602/Pizza*Julia/RESTAURANT/6356/11081
Par/auberge-de-venise-/602/Auberge*de*Venise*/RESTAURANT/4248/7968
Par/creps-crew/602/Crep's*Crew/RESTAURANT/13499/22644
Par/bed-ford-dinner/602/Bedford*Diner/RESTAURANT/3987/7587
Par/auberge-de-venise-2/602/Auberge*de*Venise*/RESTAURANT/34469/66147
Par/arrivederci/602/Arrivederci*Pizzeria/RESTAURANT/8286/13811
Par/health-inside-2/602/Health*Inside/PetitsPlaisirs/6691/11635
Par/health-inside/602/Health*Inside/RESTAURANT/4452/8234
Par/mamma-roma/602/Mamma*Roma/RESTAURANT/11547/19306
Par/mipi-pizza/602/Mipi*Pizza/RESTAURANT/1452/2810
Par/bensai/602/Bensaï/RESTAURANT/36938/71010
Par/soup/602/Soup/RESTAURANT/12109/20143
Par/pizza-tova/602/Pizza*Tova/RESTAURANT/7633/12943
Par/le-comptoir-belge/602/Le*Comptoir*Belge*/PetitsPlaisirs/4211/9020
Par/pizza-oskian/602/Pizza*Oskian/RESTAURANT/9373/15372
Par/la-perla/602/La*Perla/RESTAURANT/7721/13065
Par/itacate/602/Itacate*/RESTAURANT/3789/7298
Par/tien-hiang/602/Tien*Hiang/RESTAURANT/8868/14734
Par/creperie-elo-2/602/Crêperie*Elo*/PetitsPlaisirs/863/7139
Par/subway-partner/602/Subway/RESTAURANT/4906/21725
Par/black-and-white-burger/602/Black*and*White*Burger/RESTAURANT/8049/13585
Par/pizza-odessa/602/Pizza*Odessa*/RESTAURANT/2618/5363
Par/starbucks-paris/602/Starbucks/BREAKFAST/460/1036
Par/creperie-marie-madeleine/602/Crêperie*Marie*Madeleine/RESTAURANT/8858/14716
Par/pomme-de-pain-par/602/Pomme*de*pain*-*petit*dej'/BREAKFAST/37790/72959
Par/pomme-de-pain-/602/Pomme*De*Pain*/RESTAURANT/37686/72704
Par/big-moustache/602/Big*Moustache*/CADEAU/8859/14721
Par/chocolaterie-josephine-vannier/602/Josephine*Vannier/CADEAU/9060/15052
Par/margaretti/602/Margaretti/RESTAURANT/26413/50467
Par/mochi-paris/602/Mochi*Paris/PetitsPlaisirs/14242/23892
Par/my-bio-delicious/602/My*Bio*Delicious/BREAKFAST/11642/19450
Par/olivier-boutique-2/602/Fleurs*de*Montmartre*/CADEAU/46704/92034
Par/olivier-fleuriste/602/Olivier*Fleurs*&*Flowers*/CADEAU/20649/36638
Par/zicatela/602/Zicatela/RESTAURANT/23437/43901
Par/zen-zoo/602/Zen*Zoo/PetitsPlaisirs/21926/40113
Par/shake-it-easy-par/602/Shake*It*Easy/Apéro/37228/72005
Par/vapiano/602/Vapiano/RESTAURANT/1153/11926
Par/caruso-par/602/Caruso/RESTAURANT/37662/73191
Par/au-poulet-braise/602/Au*Poulet*Braisé/RESTAURANT/6107/11131
Par/chez-van/602/Chez*Van/RESTAURANT/13497/22628
Par/les-opticiens-de-paris/602/Les*Opticiens*de*Paris/DERNIEREMINUTE/12413/21415
Par/le-petit-ballon/602/Le*Petit*Ballon/Apéro/33213/62210
Par/egg-factory/602/Egg*Factory/RESTAURANT/9281/15267
Par/yummy-guiltfree-2/602/Yummy*&*Guiltfree/PetitsPlaisirs/8612/14388
Par/baoli/602/Baoli*Bao/RESTAURANT/14832/49257
Par/la-sultane-de-saba/602/La*Sultane*de*Saba/CADEAU/2078/4400
Par/momentea/602/Momen'Tea/PetitsPlaisirs/23396/43757
Par/banoi/602/Banoi/RESTAURANT/6919/12001
Par/la-maison-des-proteines/602/La*Maison*des*Protéines/RESTAURANT/734/1716
Par/blu/602/Blu/DERNIEREMINUTE/23473/50639
Par/washingtonia/602/Washingtonia/RESTAURANT/10710/17594
Par/les-pates-vivantes/602/Les*Pâtes*Vivantes/RESTAURANT/6310/11074
Par/rotisserie-madeleine/602/Rôtisserie*et*Pataterie*by*Marie*Madeleine/RESTAURANT/37128/72504
"Par/de-clercq-les-rois-de-la-frite/602/De*Clercq,*les*Rois*de*la*Frite/RESTAURANT/23806/44596"
Par/raw-cakes/602/Raw*Cakes/RESTAURANT/6150/10684
Par/raw-cake/602/Raw*Cakes/PetitsPlaisirs/1721/3492
Par/restaurant-dicoeur/602/Restaurant*Dicoeur/RESTAURANT/14612/24627
Par/rice-trotters/602/Rice*Trotters/RESTAURANT/10906/18079
Par/satoshi-ramen/602/Satoshi*Ramen/RESTAURANT/6307/11071
Par/girls-roses/602/Girls*&*Roses*/CADEAU/2940/6014
Par/pretty-damn-good/602/LE*PDG*Rive*Gauche/RESTAURANT/6254/10972
Par/les-petites-patisseries-raw-vegan-par/602/Les*Petites*Pâtisseries*-*Raw*&*Vegan/PetitsPlaisirs/48017/94358
Par/suan-thai/602/Suan*Thai/RESTAURANT/6324/11078
Par/nina-sushi/602/Nina*Sushi*/RESTAURANT/1524/2981
Par/janine-loves-sunday/602/JANINE*loves*SUNDAY/RESTAURANT/5395/9772
Par/vegeateria-2/602/VegEateria/RESTAURANT/8269/13773
Par/vegethalles/602/Veget'Halles/RESTAURANT/8262/13765
Par/vg-patisserie-2/602/VG*Pâtisserie/RESTAURANT/14843/24948
Par/happiz/602/Happiz/RESTAURANT/6907/66976
Par/come-2/602/Côme/RESTAURANT/32278/60001
Par/taam/602/Taâm/RESTAURANT/10916/18087
Par/u-mulinu/602/U*Mulinu/RESTAURANT/11705/19571
Par/mardi-crepe-club-2/602/Mardi*-*Crêperie*Urbaine/PetitsPlaisirs/11733/19614
Par/mardi-crepe-club/602/Mardi*-*Crêperie*Urbaine/RESTAURANT/10700/17585
Par/papa-boun/602/Papa*Boun*/RESTAURANT/3743/7220
Par/creps-crew-2/602/Crep's*Crew/PetitsPlaisirs/13500/22647
Par/shandika/602/Shandika/RESTAURANT/9362/15359
Par/sakura-sushi-1/602/Sakura*Sushi/RESTAURANT/6264/11191
Par/souvlaki/602/Souvlaki/RESTAURANT/2514/5191
Par/salatim-2/602/Salatim/RESTAURANT/22777/42066
Par/salento/602/Salento/RESTAURANT/11768/19688
Par/suzette-et-georgette/602/Suzette*et*Georgette/RESTAURANT/11729/19611
Par/siam-bangkok/602/Siam*Bangkok/RESTAURANT/10705/17589
Par/madame-shawn/602/Mme*Shawn/RESTAURANT/576/7211
Par/cookn-saj/602/Cook'n*Saj/RESTAURANT/4418/8161
Par/atelier-soba/602/Atelier*Soba/GROCERIES/21202/38328
Par/monthai-street-food/602/Monthaï*Street*Food/RESTAURANT/2054/8547
Par/dice-poke-shapers/602/Dice*Poke*Shapers/RESTAURANT/7604/12897
Par/papabubble/602/PapaBubble/PetitsPlaisirs/712/1613
Par/pasta-luna/602/Pasta*Luna*/RESTAURANT/4007/7602
Par/papa-boun-2/602/Papa*Boun*/PetitsPlaisirs/3750/7254
Par/comme-a-lisbonne-2/602/Comme*à*Lisbonne*/PetitsPlaisirs/3065/6218
Par/edwart-chocolatier/602/Edwart*Chocolatier*/PetitsPlaisirs/2954/6037
Par/b-bell-broche/602/B.*Bell*broche*/RESTAURANT/28411/53035
Par/bagnard/602/Bagnard*/RESTAURANT/23439/43980
Par/berko-2/602/Berko/PetitsPlaisirs/19096/34183
Par/patisserie-christophe-michalak/602/Pâtisserie*Michalak/PetitsPlaisirs/1648/3231
Par/aux-merveilleux-de-fred/602/Aux*Merveilleux*de*Fred/PetitsPlaisirs/1622/3165
Par/hanawa/602/Hanawa*/RESTAURANT/3965/7542
Par/tacos-corner/602/Tacos*Corner*/RESTAURANT/3747/7237
Par/the-madison-coffee/602/The*Madison*Coffee/RESTAURANT/10708/17591
Par/twinkie/602/Twinkie/RESTAURANT/6400/11128
Par/thai-at-home/602/Thaï*at*Home*/RESTAURANT/3685/7115
Par/bozen-sushi/602/Bozen/RESTAURANT/1631/3183
Par/fuumi/602/Fuumi*/RESTAURANT/1527/12882
Par/king-falafel-palace/602/King*Falafel*Palace*/RESTAURANT/4287/8009
Par/my-bio-delicious-2/602/My*Bio*Delicious/RESTAURANT/12339/20557
Par/omusubi-gonbei/602/Omusubi*Gonbei/RESTAURANT/12394/20691
Par/french-american-bakery/602/French*American*Bakery/BREAKFAST/493/8668
Par/hd-diner/602/HD*Diner/RESTAURANT/5729/10197
Par/latelier-de-la-bougie/602/L'Atelier*de*la*Bougie*/CADEAU/12542/28167
Par/thams/602/Tham's*/RESTAURANT/25589/48698
Par/tcup/602/T'Cup/RESTAURANT/18698/33326
Par/mam-thai/602/Mam*Thaï/RESTAURANT/7291/12383
Par/momentea-2/602/Momen'Tea/RESTAURANT/25333/47745
Par/le-ptit-breton-2/602/Le*P'tit*Breton/PetitsPlaisirs/14465/24336
Par/le-ptit-breton/602/Le*P'tit*Breton/RESTAURANT/14386/24293
Par/pitaya-oberkampf/602/Pitaya*Oberkampf/RESTAURANT/9712/15954
Par/blue-elephant/602/Blue*Elephant/RESTAURANT/5976/10722
Par/mamatchai/602/Mamatchai/RESTAURANT/16720/29486
Par/bao-bonbons-par/602/B.A.O*Bonbons*À*Oser/CADEAU/39799/79546
Par/mobster-diner/602/Mobster*Diner/RESTAURANT/1217/2474
Par/new-aqib/602/New*Aqib*/RESTAURANT/3207/6426
Par/new-jhelum/602/New*Jhelum/RESTAURANT/25545/48035
Par/new-balal/602/New*Balal/RESTAURANT/25542/48030
Par/pont-neuf-la-frite-francaise/602/Pont*Neuf*-*La*Frite*Française/RESTAURANT/23614/61849
Par/malibu-african-food-2/602/Malibu*African*Food/RESTAURANT/7904/13269
Par/cafe-montorgueil/602/Café*Montorgueil/RESTAURANT/7418/12598
Par/le-khelkom/602/Le*Khelkom/RESTAURANT/21199/38323
Par/mersea/602/Mersea/RESTAURANT/3063/6215
Par/mordu-epicerie-fine/602/Mordu*Produits*Fins/GROCERIES/27448/51865
Par/my-jolie-candle/602/My*Jolie*candle/CADEAU/27180/51681
Par/mr-houmous/602/Mr*Houmous/RESTAURANT/26998/50969
Par/miznon-2/602/Miznon/RESTAURANT/20644/36627
Par/christian-morel/602/Christian*Morel*Fleuriste*&*Fleurs/DERNIEREMINUTE/18694/33275
Par/poke-me/602/Poke*me/RESTAURANT/11725/19598
Par/black-beans/602/Black*Beans/RESTAURANT/4331/8067
Par/an-com/602/An*Com/RESTAURANT/9681/15921
Par/ama-dao/602/Ama*Dao/RESTAURANT/8571/14315
Par/la-creole/602/La*Créole/RESTAURANT/4017/7623
Par/paris-hanoi/602/Paris*Hanoi/RESTAURANT/26723/50277
Par/i-love-bo-bun/602/I*love*Bo*Bun/RESTAURANT/2390/5004
Par/two-stories-poboy/602/Po'Boy/RESTAURANT/23653/44319
Par/out-fry/602/Out*Fry*-*Chicken*Kitchen/RESTAURANT/19414/34663
Par/little-baobei/602/Little*Baobei/RESTAURANT/11552/79254
Par/o-ke-kai-poke-kitchen/602/O*Ke*Kai*-*Poke*Kitchen/RESTAURANT/6992/12186
Par/o-lieu-de-2/602/Ô*lieu*de*/RESTAURANT/28535/54007
Par/oplato/602/Oplato/GROCERIES/20221/36436
Par/le-pot-o-lait/602/Le*pot*o'lait/RESTAURANT/11010/18174
Par/crepe-avenue-2/602/Crêpe*Avenue/PetitsPlaisirs/7415/12699
Par/breakfast-in-america-diner/602/Breakfast*in*America/RESTAURANT/6757/11984
Par/popine/602/Popinette/RESTAURANT/24751/46852
Par/bens-paris/602/Ben's*Paris/RESTAURANT/470/942
Par/pokawa-par/602/Pokawa/BREAKFAST/40671/82758
Par/pokawa/602/Pokawa/RESTAURANT/3727/78999
Par/les-pinces-2/602/Les*Pinces/RESTAURANT/9354/15351
Par/alimento/602/Alimento*/RESTAURANT/4261/7995
Par/kashmir-house/602/Kashmir*House/RESTAURANT/9357/15355
Par/katmandou-cafe/602/Katmandou*Café/RESTAURANT/26502/49881
Par/burger-king-2/602/Burger*King/RESTAURANT/736/46940
Par/karamel/602/Karamel/CADEAU/12085/20063
Par/lartisan-du-burger-2/602/L'Artisan*du*Burger/RESTAURANT/13132/21752
Par/heretea/602/Heretea/PetitsPlaisirs/20205/36269
Par/jardin-coquille/602/Jardin*Coquille/BREAKFAST/495/1078
Par/bojus/602/Bojus/BREAKFAST/8872/14741
Par/leonidas/602/Leonidas/CADEAU/9872/16440
Par/lile-aux-fleurs/602/L'Île*aux*Fleurs/CADEAU/5156/9695
Par/albert/602/La*confiture*d'Albert/GROCERIES/21925/40110
Par/la-chambre-aux-confitures/602/La*Chambre*Aux*Confitures/GROCERIES/2096/4489
Par/la-fabrique-givree/602/La*Fabrique*Givrée/PetitsPlaisirs/18899/33579
Par/laize/602/Laïzé/PetitsPlaisirs/13084/21645
Par/le-butcher/602/Le*Butcher/RESTAURANT/1148/15270
Par/five-guys/602/Five*guys/RESTAURANT/1918/6999
Par/fete-a-crepe/602/Fête*à*crêpe/RESTAURANT/16130/33268
Par/fermier-gourmet-2/602/Fermier*Gourmet*/RESTAURANT/2717/68618
Par/fuxia-lepicerie/602/Fuxia*Epicerie/GROCERIES/16345/28695
Par/egg-factory-2/602/Egg*Factory/BREAKFAST/9795/16191
Par/burger-fils/602/Burger*&*Fils/RESTAURANT/1469/2831
Par/jaipur-cafe/602/Jaipur*Cafe/RESTAURANT/3175/6384
Par/delictus-par-/602/Delictus/GROCERIES/44989/88334
Par/jardin-coquille-2/602/Jardin*Coquille*/RESTAURANT/7669/12993
Par/bollynan-grand-boulevard/602/Bollynan*Grands*Boulevards/RESTAURANT/7719/13062
Par/amorino-3/602/Amorino/PetitsPlaisirs/1670/37135
Par/cook-creperie/602/Cook*Crêperie/RESTAURANT/8909/14802
Par/blend/602/Blend*/RESTAURANT/703/66356
Par/bubbolitas/602/Bubbolitas/PetitsPlaisirs/12552/20915
Bue/tei-sushi/600/Tei*Sushi/RESTAURANT/27703/52088
Bue/tei-sushi-2/600/Tei*Sushi/OFERTAS_LATAM/27713/52099
Bue/trending-sushi12/600/Trending*Sushi/OFERTAS_LATAM/34507/66253
Bue/trending-sushi/600/Trending*Sushi/RESTAURANT/19436/34701
Bue/yeka-street-sushi-buenos-aires/600/Yeka*Street*Sushi/RESTAURANT/55519/109641
Bue/sakura-sushi-buenos-aires/600/Sakura*Sushi/OFERTAS_LATAM/46431/91529
Bue/san-telmo-shokudo/600/Shokudo/RESTAURANT/29751/55503
Bue/watashi-buenos-aires/600/Watashi/RESTAURANT/43555/85702
Bue/subway-111/600/Subway/RESTAURANT/9896/98199
Bue/subway-buenos-aires/600/Subway/OFERTAS_LATAM/40343/102696
Bue/sensu-buenosaires/600/Sensu/RESTAURANT/30078/63310
Bue/sushita-buenos-aires/600/Sushita/RESTAURANT/57783/114354
